LOC,Business,Phone,Address,Town,Website,Instagram,Facebook,Category,SuperCat,DL Info,HDL?,Shoppers Discount,Exp.,Changed,,,,,,,,,,,,,,,,,,,,,,,,,,,,,,,,,,,,,,,,,,,,,,,,,,,,,,,,,,,,,,,,,,,,,,,,,,,,,,,,,,,,,,,,,,,,,,,,,,,,,,,,,,,,,,,,,,,,,,,,,,,,,,,,,,,,,,,,,,,,,,,,,,,,,,,,,,,,,,,,,,,,,,,,,,,,,
1T,LJS Scrap Metal,516-285-5400,3425 Hampton Rd.,Oceanside,,,,Live & Work,Live & Work,"Top dollar paid for all scrap metals, iron, aluminum, steel, copper, brass, wire, junk cars, etc. 70 ft. truck scale. Serving NYC, Nassau & Suffolk. Contractors and homeowners welcome.",Yes,,,,,,,,,,,,,,,,,,,,,,,,,,,,,,,,,,,,,,,,,,,,,,,,,,,,,,,,,,,,,,,,,,,,,,,,,,,,,,,,,,,,,,,,,,,,,,,,,,,,,,,,,,,,,,,,,,,,,,,,,,,,,,,,,,,,,,,,,,,,,,,,,,,,,,,,,,,,,,,,,,,,,,,,,,,,,,,,
2T,South Shore Craft Brewery,516-388-6685,3505 Hampton Rd.,Oceanside,SouthShoreCraftBrewery.com,instagram.com/southshorecraftbrewery,,Eat & Drink,Eat & Drink,"Craft beer brewed and canned on-site, 20 rotating taps in a spacious taproom, featuring live music, family friendly events and private parties.",,,,,,,,,,,,,,,,,,,,,,,,,,,,,,,,,,,,,,,,,,,,,,,,,,,,,,,,,,,,,,,,,,,,,,,,,,,,,,,,,,,,,,,,,,,,,,,,,,,,,,,,,,,,,,,,,,,,,,,,,,,,,,,,,,,,,,,,,,,,,,,,,,,,,,,,,,,,,,,,,,,,,,,,,,,,,,,,,
3T,James Tech Electric,516-536-6900,400 Atlantic Ave.,East Rockaway,JamesTechElectric.com,instagram.com/JamesTechElectric,,Live & Work,Live & Work,"A trusted local name in electrical services since 2006. Serving Nassau and Suffolk counties, NY, we offer a comprehensive range of services for both residential and commercial customers.",Yes,,,,,,,,,,,,,,,,,,,,,,,,,,,,,,,,,,,,,,,,,,,,,,,,,,,,,,,,,,,,,,,,,,,,,,,,,,,,,,,,,,,,,,,,,,,,,,,,,,,,,,,,,,,,,,,,,,,,,,,,,,,,,,,,,,,,,,,,,,,,,,,,,,,,,,,,,,,,,,,,,,,,,,,,,,,,,,,,
4D,Sal’s Prime Meats,516-766-8440,3145 Lawson Blvd.,Oceanside,,,,Shop & Discover,Shop & Discover,"An Oceanside staple since 1971. Specializing in quality beef, veal, lamb, pork, turkey and poultry.",,,,,,,,,,,,,,,,,,,,,,,,,,,,,,,,,,,,,,,,,,,,,,,,,,,,,,,,,,,,,,,,,,,,,,,,,,,,,,,,,,,,,,,,,,,,,,,,,,,,,,,,,,,,,,,,,,,,,,,,,,,,,,,,,,,,,,,,,,,,,,,,,,,,,,,,,,,,,,,,,,,,,,,,,,,,,,,,,
5D,Express Packaging,516-255-0727,3334 Long Beach Rd.,Oceanside,WhereShipHappens.com,,,Shop & Discover,Shop & Discover,"Ship with UPS, FedEx, and DHL. Offering any size boxes, packing supplies, office supplies, labels, private mail boxes, and eBay buying and selling.",,,,,,,,,,,,,,,,,,,,,,,,,,,,,,,,,,,,,,,,,,,,,,,,,,,,,,,,,,,,,,,,,,,,,,,,,,,,,,,,,,,,,,,,,,,,,,,,,,,,,,,,,,,,,,,,,,,,,,,,,,,,,,,,,,,,,,,,,,,,,,,,,,,,,,,,,,,,,,,,,,,,,,,,,,,,,,,,,
6T,D’Cocco’s Pizzeria Restaurant,516-766-3938,3573 Long Beach Rd.,Oceanside,,,,Eat & Drink,Eat & Drink,"Family owned & operated, serving & making the best pizzas & Italian food! A must stop and an Oceanside landmark since 1988! ",,,,,,,,,,,,,,,,,,,,,,,,,,,,,,,,,,,,,,,,,,,,,,,,,,,,,,,,,,,,,,,,,,,,,,,,,,,,,,,,,,,,,,,,,,,,,,,,,,,,,,,,,,,,,,,,,,,,,,,,,,,,,,,,,,,,,,,,,,,,,,,,,,,,,,,,,,,,,,,,,,,,,,,,,,,,,,,,,
7T,Oceanside Dental Studio,516-208-4656,3051 Long Beach Rd. Suite 1,Oceanside,OceansideDentalStudioLI.com,,,Thrive & Be Well,Thrive & Be Well,"Providing comprehensive, high-quality dental care with a focus on comfort, advanced technology, and personalized treatment for a healthy, confident smile.",,,,,,,,,,,,,,,,,,,,,,,,,,,,,,,,,,,,,,,,,,,,,,,,,,,,,,,,,,,,,,,,,,,,,,,,,,,,,,,,,,,,,,,,,,,,,,,,,,,,,,,,,,,,,,,,,,,,,,,,,,,,,,,,,,,,,,,,,,,,,,,,,,,,,,,,,,,,,,,,,,,,,,,,,,,,,,,,,
8T,Sunny’s Transmissions,516-239-2600,3375 Lawson Blvd.,Oceanside,SunnysTransmission.com,,,Live & Work,Live & Work,Complete transmission rebuild services. Fast turnaround times on all transmission repairs. Car problem? Get a tow to our shop!,,,,Y,,,,,,,,,,,,,,,,,,,,,,,,,,,,,,,,,,,,,,,,,,,,,,,,,,,,,,,,,,,,,,,,,,,,,,,,,,,,,,,,,,,,,,,,,,,,,,,,,,,,,,,,,,,,,,,,,,,,,,,,,,,,,,,,,,,,,,,,,,,,,,,,,,,,,,,,,,,,,,,,,,,,,,,,,,,,,
9T,Lia’s Pizzeria & Restaurant,516-764-4971,60 Atlantic Ave.,Oceanside,LiasPizzeriaOceanside.com,,,Eat & Drink,Eat & Drink,"Local favorite for pizza, pasta, and Italian specialties. Where Oceanside neighbors gather, eat, and feel like family.",,,,,,,,,,,,,,,,,,,,,,,,,,,,,,,,,,,,,,,,,,,,,,,,,,,,,,,,,,,,,,,,,,,,,,,,,,,,,,,,,,,,,,,,,,,,,,,,,,,,,,,,,,,,,,,,,,,,,,,,,,,,,,,,,,,,,,,,,,,,,,,,,,,,,,,,,,,,,,,,,,,,,,,,,,,,,,,,,
10D,TJ Automotive,516-766-9132,3401 Long Beach Rd.,Oceanside,,,,Live & Work,Live & Work,"A full service auto repair shop, including custom exhausts, lift kits, rims and tires, NYS inspection, wheel alignment, and diesel repairs.",,,,,,,,,,,,,,,,,,,,,,,,,,,,,,,,,,,,,,,,,,,,,,,,,,,,,,,,,,,,,,,,,,,,,,,,,,,,,,,,,,,,,,,,,,,,,,,,,,,,,,,,,,,,,,,,,,,,,,,,,,,,,,,,,,,,,,,,,,,,,,,,,,,,,,,,,,,,,,,,,,,,,,,,,,,,,,,,,
11D,Long Island Bagel Cafe,516-678-7070,3452 Long Beach Rd.,Oceanside,LIBC.com,,,Eat & Drink,Eat & Drink,"Whether you’re having a Birthday, Anniversary, Bat/Bar Mitzvah, Sweet Sixteen or Any Event, in your home or office, Long Island Bagel Cafe will provide the finest and freshest foods.",,,,,,,,,,,,,,,,,,,,,,,,,,,,,,,,,,,,,,,,,,,,,,,,,,,,,,,,,,,,,,,,,,,,,,,,,,,,,,,,,,,,,,,,,,,,,,,,,,,,,,,,,,,,,,,,,,,,,,,,,,,,,,,,,,,,,,,,,,,,,,,,,,,,,,,,,,,,,,,,,,,,,,,,,,,,,,,,,
12T,J. Paul's Terrace Cafe,516-536-1806,239 Merrick Rd.,Oceanside,JPaulsOceanside.com,instagram.com/j.paulsterracecafe,,Eat & Drink,Eat & Drink,"The ideal place to eat, drink and enjoy good times. 75 seat dining room and remodeled sports bar featuring 14 flat screen TVs + FAST TRACK OTB horse wagering system. Serving Oceanside for 43 years.",Yes,,,,,,,,,,,,,,,,,,,,,,,,,,,,,,,,,,,,,,,,,,,,,,,,,,,,,,,,,,,,,,,,,,,,,,,,,,,,,,,,,,,,,,,,,,,,,,,,,,,,,,,,,,,,,,,,,,,,,,,,,,,,,,,,,,,,,,,,,,,,,,,,,,,,,,,,,,,,,,,,,,,,,,,,,,,,,,,,
13T,SVS Fine Jewelry,516-766-2614,3323 Long Beach Rd.,Oceanside,SVSFineJewelry.com,,,Shop & Discover,Shop & Discover,"Long Island’s top-rated jewelry store offers engagement rings, diamonds, custom designs, estate jewelry purchasing, and gold buying with exceptional craftsmanship and trusted service.",Yes,,,,,,,,,,,,,,,,,,,,,,,,,,,,,,,,,,,,,,,,,,,,,,,,,,,,,,,,,,,,,,,,,,,,,,,,,,,,,,,,,,,,,,,,,,,,,,,,,,,,,,,,,,,,,,,,,,,,,,,,,,,,,,,,,,,,,,,,,,,,,,,,,,,,,,,,,,,,,,,,,,,,,,,,,,,,,,,,
14D,Ritz Jewelry,516-255-0465,3547 Long Beach Rd.,Oceanside,RitzJewelryInc.com,instagram.com/ritz_jewelry,,Shop & Discover,Shop & Discover,"Locally owned and operated with over 20 years of experience in the diamond and jewelry industry. Specialize in 14K, 18K and platinum jewelry. Watch and jewelry repair..",,,,,,,,,,,,,,,,,,,,,,,,,,,,,,,,,,,,,,,,,,,,,,,,,,,,,,,,,,,,,,,,,,,,,,,,,,,,,,,,,,,,,,,,,,,,,,,,,,,,,,,,,,,,,,,,,,,,,,,,,,,,,,,,,,,,,,,,,,,,,,,,,,,,,,,,,,,,,,,,,,,,,,,,,,,,,,,,,
16D,National Metal Industries,516-594-0364,2 Neil Ct.,Oceanside,NMIFence.com,,,Live & Work,Live & Work,"Your trusted supplier for superior fencing products, expert support, and local or national delivery to meet all your fencing project needs. Trusted, family-owned supplier since 1950 with decades of expertise.",,,,,,,,,,,,,,,,,,,,,,,,,,,,,,,,,,,,,,,,,,,,,,,,,,,,,,,,,,,,,,,,,,,,,,,,,,,,,,,,,,,,,,,,,,,,,,,,,,,,,,,,,,,,,,,,,,,,,,,,,,,,,,,,,,,,,,,,,,,,,,,,,,,,,,,,,,,,,,,,,,,,,,,,,,,,,,,,,
17D,Club Pilates Oceanside,516-280-1515,3197 Long Beach Rd.,Oceanside,ClubPilates.com/Oceanside,,facebook.com/clubpilatesoceanside,Thrive & Be Well,Thrive & Be Well,"Award-winning boutique fitness studio providing reformer-based, full body Pilates workouts for everyBODY. Increase mobility, balance and strength with our group classes and private training! 80+ classes/week!",,,,,,,,,,,,,,,,,,,,,,,,,,,,,,,,,,,,,,,,,,,,,,,,,,,,,,,,,,,,,,,,,,,,,,,,,,,,,,,,,,,,,,,,,,,,,,,,,,,,,,,,,,,,,,,,,,,,,,,,,,,,,,,,,,,,,,,,,,,,,,,,,,,,,,,,,,,,,,,,,,,,,,,,,,,,,,,,,
18D,Serafina’s Beauty Bar,516-536-5925,3257 Long Beach Rd.,Oceanside,SerafinasBeautyBar.com,,,Thrive & Be Well,Thrive & Be Well,"A family-friendly atmosphere, hair & more salon that welcomes everyone. Helping our guests feel beautiful inside & out through great experiences, tradition, and technique.",,,,,,,,,,,,,,,,,,,,,,,,,,,,,,,,,,,,,,,,,,,,,,,,,,,,,,,,,,,,,,,,,,,,,,,,,,,,,,,,,,,,,,,,,,,,,,,,,,,,,,,,,,,,,,,,,,,,,,,,,,,,,,,,,,,,,,,,,,,,,,,,,,,,,,,,,,,,,,,,,,,,,,,,,,,,,,,,,
19S,Mr. Rim Repair & Auto Concepts,516-517-2086,3256 Long Beach Rd.,Oceanside,instagram.com/mr_rim_repair,instagram.com/mr_rim_repair,,Live & Work,Live & Work,Restoring your wheels to their best. Giving your ride its sparkle back!,,,,,,,,,,,,,,,,,,,,,,,,,,,,,,,,,,,,,,,,,,,,,,,,,,,,,,,,,,,,,,,,,,,,,,,,,,,,,,,,,,,,,,,,,,,,,,,,,,,,,,,,,,,,,,,,,,,,,,,,,,,,,,,,,,,,,,,,,,,,,,,,,,,,,,,,,,,,,,,,,,,,,,,,,,,,,,,,,
20S,Concept Fitness,516-592-1456,7 Hampton Rd.,Oceanside,ConceptFitnessNY.com,,,Thrive & Be Well,Thrive & Be Well,"A premier waterfront training facility offering strength and conditioning, college rowing development, and recovery services like sauna, cold plunge, and infrared therapy.",,,,Y,,,,,,,,,,,,,,,,,,,,,,,,,,,,,,,,,,,,,,,,,,,,,,,,,,,,,,,,,,,,,,,,,,,,,,,,,,,,,,,,,,,,,,,,,,,,,,,,,,,,,,,,,,,,,,,,,,,,,,,,,,,,,,,,,,,,,,,,,,,,,,,,,,,,,,,,,,,,,,,,,,,,,,,,,,,,,
21T,Charlie's Butcher,516-632-5693,11 Brower Ave.,Oceanside,CharliesButchers.com,,,Shop & Discover,Shop & Discover,We're more than just a butcher – our customers are our top priority! Come and savor our top-quality meats. Fueled by our owner Denise's passion for quality and service.,Yes,,,,,,,,,,,,,,,,,,,,,,,,,,,,,,,,,,,,,,,,,,,,,,,,,,,,,,,,,,,,,,,,,,,,,,,,,,,,,,,,,,,,,,,,,,,,,,,,,,,,,,,,,,,,,,,,,,,,,,,,,,,,,,,,,,,,,,,,,,,,,,,,,,,,,,,,,,,,,,,,,,,,,,,,,,,,,,,,
22T,Guardian Bus,516-723-3287,3530 Oceanside Rd.,Oceanside,GuardianBus.com,,,Live & Work,Live & Work,"Here for all your transportation needs—weddings, events, and more. Reliable, comfortable, and professional service you can count on every time.",,,,,,,,,,,,,,,,,,,,,,,,,,,,,,,,,,,,,,,,,,,,,,,,,,,,,,,,,,,,,,,,,,,,,,,,,,,,,,,,,,,,,,,,,,,,,,,,,,,,,,,,,,,,,,,,,,,,,,,,,,,,,,,,,,,,,,,,,,,,,,,,,,,,,,,,,,,,,,,,,,,,,,,,,,,,,,,,,
23D,New York House Inspectors,516-551-2422,,Oceanside,NewYorkHouseInspectors.com,,,Live & Work,Live & Work,"Family owned and operated home, mold, termite and asbestos inspections. Same day service and reports.",,,,Y,,,,,,,,,Tyler,Triple,Triple Plus - Map Edge Ad,NEW,Gary Nadler DDS P.C.,516-763-5683,"Gary Nadler, DDS",129 Davison Ave.,Oceanside,11572,caton1@aol.com,,instagram.com/,facebook.com/,516-448-1582,Yes,Dentist,New,Building,"Phone,Address","Building with sign; MapToons to design premium ad with name, ""Family Dentistry & Invisalign"", phone number, address. Reference photo of sign if helpful.",,Use 2008 but please review for accuracy,Yes,,,,,,,,,,,,,,,,,,,,,,,,Tyler,Triple,Triple Plus - Map Edge Ad,NEW,Gary Nadler DDS P.C.,516-763-5683,"Gary Nadler, DDS",129 Davison Ave.,Oceanside,11572,caton1@aol.com,,instagram.com/,facebook.com/,516-448-1582,Yes,Dentist,New,Building,"Phone,Address","Building with sign; MapToons to design premium ad with name, ""Family Dentistry & Invisalign"", phone number, address. Reference photo of sign if helpful.",,Use 2008 but please review for accuracy,Yes,,,,,,,,,,,,,,,,,,,,,,,,Tyler,Triple,Triple Plus - Map Edge Ad,NEW,Gary Nadler DDS P.C.,516-763-5683,"Gary Nadler, DDS",129 Davison Ave.,Oceanside,11572,caton1@aol.com,,instagram.com/,facebook.com/,516-448-1582,Yes,Dentist,New,Building,"Phone,Address","Building with sign; MapToons to design premium ad with name, ""Family Dentistry & Invisalign"", phone number, address. Reference photo of sign if helpful.",,Use 2008 but please review for accuracy,Yes,,,,,,,,,,,,,,,,,,,,,,,,Tyler,Triple,Triple Plus - Map Edge Ad,NEW,Gary Nadler DDS P.C.,516-763-5683,"Gary Nadler, DDS",129 Davison Ave.,Oceanside,11572,caton1@aol.com,,instagram.com/,facebook.com/,516-448-1582,Yes,Dentist,New,Building,"Phone,Address","Building with sign; MapToons to design premium ad with name, ""Family Dentistry & Invisalign"", phone number, address. Reference photo of sign if helpful.",,Use 2008 but please review for accuracy,Yes
24D,Levin's Pharmacy,516-766-2288,364 Long Beach Rd.,Oceanside,LevinsPharmacy.com,,,Shop & Discover,Shop & Discover,"Traditional, old fashioned service is our motto. Each customer receives personal attention and prescriptions are promptly filled. Large selection of products, free local delivery! Since 1922.",,,,,,,,,,,,,,,,,,,,,,,,,,,,,,,,,,,,,,,,,,,,,,,,,,,,,,,,,,,,,,,,,,,,,,,,,,,,,,,,,,,,,,,,,,,,,,,,,,,,,,,,,,,,,,,,,,,,,,,,,,,,,,,,,,,,,,,,,,,,,,,,,,,,,,,,,,,,,,,,,,,,,,,,,,,,,,,,,
25T,PiiL Fence Company,516-594-1550,3572A Hampton Rd.,Oceanside,PiiLFence.com,,,Live & Work,Live & Work,"Serving Oceanside for over 25 years. Fully licensed and insured, providing excellent products and professional installations of all types of residential and commercial fencing.",Yes,,,,,,,,,,,,,,,,,,,,,,,,,,,,,,,,,,,,,,,,,,,,,,,,,,,,,,,,,,,,,,,,,,,,,,,,,,,,,,,,,,,,,,,,,,,,,,,,,,,,,,,,,,,,,,,,,,,,,,,,,,,,,,,,,,,,,,,,,,,,,,,,,,,,,,,,,,,,,,,,,,,,,,,,,,,,,,,,
26D,Empire Car Wash Group of Oceanside,516-536-2827,210 Atlantic Ave.,Oceanside,EmpireCarWashGroup.com,instagram.com/oceansideautowash,facebook.com/,Live & Work,Live & Work,Full service car wash membership packages - never be stuck driving a dirty car! Expert array of detailing services. Serving communities across Long Island.,,,,,,,,,,,,,,,,,,,,,,,,,,,,,,,,,,,,,,,,,,,,,,,,,,,,,,,,,,,,,,,,,,,,,,,,,,,,,,,,,,,,,,,,,,,,,,,,,,,,,,,,,,,,,,,,,,,,,,,,,,,,,,,,,,,,,,,,,,,,,,,,,,,,,,,,,,,,,,,,,,,,,,,,,,,,,,,,,
27T,Emile’s Candies,516-766-4402,229 Merrick Rd.,Oceanside,EmilesCandies.com,,,Shop & Discover,Shop & Discover,One of Long Island’s favorite chocolatiers since 1953. Our gourmet chocolates are hand-crafted on the premises still using our founder Emile’s original recipes.,,,,,,,,,,,,,,,,,,,,,,,,,,,,,,,,,,,,,,,,,,,,,,,,,,,,,,,,,,,,,,,,,,,,,,,,,,,,,,,,,,,,,,,,,,,,,,,,,,,,,,,,,,,,,,,,,,,,,,,,,,,,,,,,,,,,,,,,,,,,,,,,,,,,,,,,,,,,,,,,,,,,,,,,,,,,,,,,,
28D,Bright Star Academy,516-766-5699,3050 Oceanside Rd.,Oceanside,BrightStarSchoolandCamp.com,instagram.com/wearebrightstaracademy,facebook.com/,Learn & Play,Learn & Play,"We truly live by our motto: “…every child is a BRIGHT STAR on the horizon of tomorrow.” Offering children a place to grow, flourish and develop new skills! ",,,,,,,,,,,,,,,,,,,,,,,,,,,,,,,,,,,,,,,,,,,,,,,,,,,,,,,,,,,,,,,,,,,,,,,,,,,,,,,,,,,,,,,,,,,,,,,,,,,,,,,,,,,,,,,,,,,,,,,,,,,,,,,,,,,,,,,,,,,,,,,,,,,,,,,,,,,,,,,,,,,,,,,,,,,,,,,,,
29T,JC Automotive of Oceanside,516-766-4411,2700 Long Beach Rd.,Oceanside,,,,Live & Work,Live & Work,"Open Mon-Fri at 7am with prompt, reliable, friendly service. Serving Oceanside for 35 years.",Yes,,,,,,,,,,,,,,,,,,,,,,,,,,,,,,,,,,,,,,,,,,,,,,,,,,,,,,,,,,,,,,,,,,,,,,,,,,,,,,,,,,,,,,,,,,,,,,,,,,,,,,,,,,,,,,,,,,,,,,,,,,,,,,,,,,,,,,,,,,,,,,,,,,,,,,,,,,,,,,,,,,,,,,,,,,,,,,,,
30T,A&S Fine Foods,516-764-4606,3382 Long Beach Rd.,Oceanside,ASOceanside.com,,,Shop & Discover,Shop & Discover,Serving the Oceanside community for over 20 years with the great customer service in a gourmet Italian marketplace. Family-owned and operated. Visit our other location at 216 Sunrise Hwy in Rockville Centre.,,,,,,,,,,,,,,,,,,,,,,,,,,,,,,,,,,,,,,,,,,,,,,,,,,,,,,,,,,,,,,,,,,,,,,,,,,,,,,,,,,,,,,,,,,,,,,,,,,,,,,,,,,,,,,,,,,,,,,,,,,,,,,,,,,,,,,,,,,,,,,,,,,,,,,,,,,,,,,,,,,,,,,,,,,,,,,,,,
31T,Pastosa Ravioli,516-255-0341,2858 Lower Lincoln Ave.,Oceanside,Pastosa.com,,,Shop & Discover,Shop & Discover,"Specializing in freshly made ravioli, manicotti, stuffed shells, fresh pasta, tortellini, cavatelli, sauces and more. Open 7 days.",,,,,,,,,,,,,,,,,,,,,,,,,,,,,,,,,,,,,,,,,,,,,,,,,,,,,,,,,,,,,,,,,,,,,,,,,,,,,,,,,,,,,,,,,,,,,,,,,,,,,,,,,,,,,,,,,,,,,,,,,,,,,,,,,,,,,,,,,,,,,,,,,,,,,,,,,,,,,,,,,,,,,,,,,,,,,,,,,
32T,Temptations…FOR HER,516-678-1150,3175 Long Beach Rd.,Oceanside,TemptationsForHer.com,,,Shop & Discover,Shop & Discover,"Women’s sportswear & accessories - style , selection and personal service since 1985.",,,,,,,,,,,,,,,,,,,,,,,,,,,,,,,,,,,,,,,,,,,,,,,,,,,,,,,,,,,,,,,,,,,,,,,,,,,,,,,,,,,,,,,,,,,,,,,,,,,,,,,,,,,,,,,,,,,,,,,,,,,,,,,,,,,,,,,,,,,,,,,,,,,,,,,,,,,,,,,,,,,,,,,,,,,,,,,,,
33T,Keller Williams Elite - Katherine Giordano,516-902-7388,,Oceanside,,,,Live & Work,Live & Work,"Real Estate Experience, Real Expertise. 4 reasons why my clients hire me and send me referrals: 1. Pricing Mastery, 2. Negotiation Skills, 3. Ongoing Communication, 4. Area Expertise.",Yes,,,Y,,,,,,,,,,,,,,,,,,,,,,,,,,,,,,,,,,,,,,,,,,,,,,,,,,,,,,,,,,,,,,,,,,,,,,,,,,,,,,,,,,,,,,,,,,,,,,,,,,,,,,,,,,,,,,,,,,,,,,,,,,,,,,,,,,,,,,,,,,,,,,,,,,,,,,,,,,,,,,,,,,,,,,,,,,,,,
34T,John & Barbara Gandolfo - The Gandolfo Team @ Coldwell Banker American Homes,516-779-8423,493 Atlantic Ave.,Oceanside,JohnGandolfoHomes.com,,,Live & Work,Live & Work,With over $1 Billion dollars in career sales and over 1000 Homes Sold to Date. Ranked top 1% in Coldwell Banker.,Yes,,,Y,,,,,,,,,,,,,,,,,,,,,,,,,,,,,,,,,,,,,,,,,,,,,,,,,,,,,,,,,,,,,,,,,,,,,,,,,,,,,,,,,,,,,,,,,,,,,,,,,,,,,,,,,,,,,,,,,,,,,,,,,,,,,,,,,,,,,,,,,,,,,,,,,,,,,,,,,,,,,,,,,,,,,,,,,,,,,
36D,Coldwell Banker - American Homes,516-223-2525,493 Atlantic Ave.,Oceanside,CBAMHomes.com,,,Live & Work,Live & Work,"One of the fastest growing real estate firms serving LI. Agents and offices servicing Nassau, Suffolk, Queens, and Kings (Brooklyn) counties. Uniquely positioned to help both buyers and sellers with their real estate needs.",,,,,,,,,,,,,,,,,,,,,,,,,,,,,,,,,,,,,,,,,,,,,,,,,,,,,,,,,,,,,,,,,,,,,,,,,,,,,,,,,,,,,,,,,,,,,,,,,,,,,,,,,,,,,,,,,,,,,,,,,,,,,,,,,,,,,,,,,,,,,,,,,,,,,,,,,,,,,,,,,,,,,,,,,,,,,,,,,
37D,pure barre,516-766-0465,3575 Long Beach Rd.,Oceanside,purebarre.com/Location/Oceanside-NY,instagram.com/purebarreoceanside,facebook.com/purebarreoceanside,Thrive & Be Well,Thrive & Be Well,"Pure Barre is a full-body workout that transforms you physically & mentally. Strengthen & tone your body with our 4 class formats, in a safe, low-impact manner through controlled, purposeful movements.",,,,,,,,,,,,,,,,,,,,,,,,,,,,,,,,,,,,,,,,,,,,,,,,,,,,,,,,,,,,,,,,,,,,,,,,,,,,,,,,,,,,,,,,,,,,,,,,,,,,,,,,,,,,,,,,,,,,,,,,,,,,,,,,,,,,,,,,,,,,,,,,,,,,,,,,,,,,,,,,,,,,,,,,,,,,,,,,,
38T,Anthony Giordano,516-851-9013,,Oceanside,instagram.com/the_real_estate_law,instagram.com/the_real_estate_law,,Live & Work,Live & Work,"A full service real estate law firm that specializes in representing Buyers, Sellers, and Lenders and residential and commercial real estate transactions. We represent clients all over New York.  ",Yes,,,Y,,,,,,,,,,,,,,,,,,,,,,,,,,,,,,,,,,,,,,,,,,,,,,,,,,,,,,,,,,,,,,,,,,,,,,,,,,,,,,,,,,,,,,,,,,,,,,,,,,,,,,,,,,,,,,,,,,,,,,,,,,,,,,,,,,,,,,,,,,,,,,,,,,,,,,,,,,,,,,,,,,,,,,,,,,,,,
39D,Ralph's Italian Ices,516-678-3101,242 Merrick Rd.,Oceanside,RalphsIces.com,,,Eat & Drink,Eat & Drink,"Since 1928 Ralph's has been making the best Italian Ices in New York. We use only the finest natural ingredients in our Ices, sherbets, ice cream, custard, smoothies, sugar-free Ices, etc.",,,,,,,,,,,,,,,,,,,,,,,,,,,,,,,,,,,,,,,,,,,,,,,,,,,,,,,,,,,,,,,,,,,,,,,,,,,,,,,,,,,,,,,,,,,,,,,,,,,,,,,,,,,,,,,,,,,,,,,,,,,,,,,,,,,,,,,,,,,,,,,,,,,,,,,,,,,,,,,,,,,,,,,,,,,,,,,,,
40T,Anna Forte - Douglas Elliman,347-860-3585,450 Sunrise Hwy.,Rockville Centre,Elliman.com/agent/Anna-Forte/1024720,instagram.com/annaforterealtor,,Live & Work,Live & Work,Anna's readiness to help and positivity will put your real estate worries to rest. Recipient of the Leading Edge Award and Long Island Board Of Realtors Top 20 Under 40!,,,,Y,,,,,,,,,,,,,,,,,,,,,,,,,,,,,,,,,,,,,,,,,,,,,,,,,,,,,,,,,,,,,,,,,,,,,,,,,,,,,,,,,,,,,,,,,,,,,,,,,,,,,,,,,,,,,,,,,,,,,,,,,,,,,,,,,,,,,,,,,,,,,,,,,,,,,,,,,,,,,,,,,,,,,,,,,,,,,
41D,Next Level Signs,516-834-1999,104 Foxhurst Rd.,Oceanside,NxtLevelSigns.net,,,Live & Work,Live & Work,"A family owned and operated sign business. No sign too small or too big. Let's get your message out there. From t-shirts to car wraps, your NEXT step to success.",,,,,,,,,,,,,,,,,,,,,,,,,,,,,,,,,,,,,,,,,,,,,,,,,,,,,,,,,,,,,,,,,,,,,,,,,,,,,,,,,,,,,,,,,,,,,,,,,,,,,,,,,,,,,,,,,,,,,,,,,,,,,,,,,,,,,,,,,,,,,,,,,,,,,,,,,,,,,,,,,,,,,,,,,,,,,,,,,
42D,Andrew Mallor: Allstate Insurance,516-594-3400,427 Merrick Rd.,Oceanside,Agents.Allstate.com/andrew-mallor-oceanside-ny.html,,,Live & Work,Live & Work,"Born & raised in Oceanside, it's been a great opportunity to serve the community for 15+ years. I love being the person that customers turn to for any problems or claims.",,,,,,,,,,,,,,,,,,,,,,,,,,,,,,,,,,,,,,,,,,,,,,,,,,,,,,,,,,,,,,,,,,,,,,,,,,,,,,,,,,,,,,,,,,,,,,,,,,,,,,,,,,,,,,,,,,,,,,,,,,,,,,,,,,,,,,,,,,,,,,,,,,,,,,,,,,,,,,,,,,,,,,,,,,,,,,,,,
43T,Home Appliance,516-678-1190,3050 Long Beach Rd.,Oceanside,LIHomeAppliance.com,,,Shop & Discover,Shop & Discover,"Since 1987, one of Long Island's largest independent family-owned retailers. Our unparalleled customer service and expert staff make appliance shopping enjoyable and easy.",Yes,,,,,,,,,,,,,,,,,,,,,,,,,,,,,,,,,,,,,,,,,,,,,,,,,,,,,,,,,,,,,,,,,,,,,,,,,,,,,,,,,,,,,,,,,,,,,,,,,,,,,,,,,,,,,,,,,,,,,,,,,,,,,,,,,,,,,,,,,,,,,,,,,,,,,,,,,,,,,,,,,,,,,,,,,,,,,,,,
44T,Seven Brothers Gourmet Food Market,516-678-5999,2831 Long Beach Rd.,Oceanside,SevenBrothersGourmet.com,instagram.com/sevenbrothersoceanside,facebook.com/sevenbrothersgourmet,Shop & Discover,Shop & Discover,"Let us show you what we do best, by catering your next affair! Whether it be a formal occasion or a backyard barbecue…..sit back, relax and enjoy!",,,,,,,,,,,,,,,,,,,,,,,,,,,,,,,,,,,,,,,,,,,,,,,,,,,,,,,,,,,,,,,,,,,,,,,,,,,,,,,,,,,,,,,,,,,,,,,,,,,,,,,,,,,,,,,,,,,,,,,,,,,,,,,,,,,,,,,,,,,,,,,,,,,,,,,,,,,,,,,,,,,,,,,,,,,,,,,,,
45T,The H Academy,516-632-2328,3161 Royal Ave.,Oceanside,TheHAcademy.org,,,Learn & Play,Learn & Play,"A preschool for 3- and 4-year-olds. We ensure every Academy student achieves their own personal best through a well-rounded foundation - academically, emotionally, socially, and physically.",Yes,,,,,,,,,,,,,,,,,,,,,,,,,,,,,,,,,,,,,,,,,,,,,,,,,,,,,,,,,,,,,,,,,,,,,,,,,,,,,,,,,,,,,,,,,,,,,,,,,,,,,,,,,,,,,,,,,,,,,,,,,,,,,,,,,,,,,,,,,,,,,,,,,,,,,,,,,,,,,,,,,,,,,,,,,,,,,,,,
46T,Oceanside Mason Supply,516-779-0363,7 Hampton Rd.,Oceanside,instagram.com/oceansidemasonsupply,,,Shop & Discover,Shop & Discover,For all of your masonry material needs in the Oceanside area!,,,,Y,,,,,,,,,,,,,,,,,,,,,,,,,,,,,,,,,,,,,,,,,,,,,,,,,,,,,,,,,,,,,,,,,,,,,,,,,,,,,,,,,,,,,,,,,,,,,,,,,,,,,,,,,,,,,,,,,,,,,,,,,,,,,,,,,,,,,,,,,,,,,,,,,,,,,,,,,,,,,,,,,,,,,,,,,,,,,
47D,Point Set Tennis,516-536-2323,3065 New St.,Oceanside,PointSetTennis.com,,,Learn & Play,Learn & Play,"All ages & levels welcome! Junior Academy, in-house & USTA leagues, group & private lessons, court time. LI's premier facility!",,,,,,,,,,,,,,,,,,,,,,,,,,,,,,,,,,,,,,,,,,,,,,,,,,,,,,,,,,,,,,,,,,,,,,,,,,,,,,,,,,,,,,,,,,,,,,,,,,,,,,,,,,,,,,,,,,,,,,,,,,,,,,,,,,,,,,,,,,,,,,,,,,,,,,,,,,,,,,,,,,,,,,,,,,,,,,,,,
48D,Sunset Play Cafe,516-206-0906,2848 Long Beach Rd.,Oceanside,SunsetPlayCafe.com,instagram.com/sunsetplaycafe,,Learn & Play,Learn & Play,"Sunset Play Cafe is a vibrant indoor playground and café offering exciting birthday packages, fun workshops, and open play where children thrive while parents relax and connect.",,,,,,,,,,,,,,,,,,,,,,,,,,,,,,,,,,,,,,,,,,,,,,,,,,,,,,,,,,,,,,,,,,,,,,,,,,,,,,,,,,,,,,,,,,,,,,,,,,,,,,,,,,,,,,,,,,,,,,,,,,,,,,,,,,,,,,,,,,,,,,,,,,,,,,,,,,,,,,,,,,,,,,,,,,,,,,,,,
49D,Merc's Automotive,516-764-2053,2790 Woods Ave.,Oceanside,,,,Live & Work,Live & Work,Professional repairs and diagnostics!,,,,,,,,,,,,,,,,,,,,,,,,,,,,,,,,,,,,,,,,,,,,,,,,,,,,,,,,,,,,,,,,,,,,,,,,,,,,,,,,,,,,,,,,,,,,,,,,,,,,,,,,,,,,,,,,,,,,,,,,,,,,,,,,,,,,,,,,,,,,,,,,,,,,,,,,,,,,,,,,,,,,,,,,,,,,,,,,,
50T,Old Spirit Distillery,516-536-0301,3670-6 Oceanside Rd. W.,Oceanside,OldSpiritDistillery.com,,,Eat & Drink,Eat & Drink,"Nassau County’s first and only distillery. Founded in 2017, we produce vodka, bourbon, brandy and moonshine. Organic and kosher certified, using corn from NY state farms.",Yes,,,,,,,,,,,,,,,,,,,,,,,,,,,,,,,,,,,,,,,,,,,,,,,,,,,,,,,,,,,,,,,,,,,,,,,,,,,,,,,,,,,,,,,,,,,,,,,,,,,,,,,,,,,,,,,,,,,,,,,,,,,,,,,,,,,,,,,,,,,,,,,,,,,,,,,,,,,,,,,,,,,,,,,,,,,,,,,,
51T,Alfredo Custom Clothier,516-536-1900,2904 Lincoln Ave.,Oceanside,instagram.com/alfredocustomclothier,instagram.com/alfredocustomclothier,,Shop & Discover,Shop & Discover,"Leisure, business, or ceremony, Alfredo continues to meet the requirements of the gentleman with a dynamic and sophisticated lifestyle. Offering custom clothing, formal attire, and a nice line of casual clothing and jeans.",,,,,,,,,,,,,,,,,,,,,,,,,,,,,,,,,,,,,,,,,,,,,,,,,,,,,,,,,,,,,,,,,,,,,,,,,,,,,,,,,,,,,,,,,,,,,,,,,,,,,,,,,,,,,,,,,,,,,,,,,,,,,,,,,,,,,,,,,,,,,,,,,,,,,,,,,,,,,,,,,,,,,,,,,,,,,,,,,
52D,The Ark of Salvation,516-255-9131,3161 Royal Ave.,Oceanside,ArkOfSalvation.org,,,Gather & Connect,Gather & Connect,"Our church exists to love God, grow together, and reach others. Nuestra iglesia existe para amar a Dios, crecer juntos y alcanzar a otros.",,,,,,,,,,,,,,,,,,,,,,,,,,,,,,,,,,,,,,,,,,,,,,,,,,,,,,,,,,,,,,,,,,,,,,,,,,,,,,,,,,,,,,,,,,,,,,,,,,,,,,,,,,,,,,,,,,,,,,,,,,,,,,,,,,,,,,,,,,,,,,,,,,,,,,,,,,,,,,,,,,,,,,,,,,,,,,,,,
53T,Bell’s Brooklyn Bagels & Bialys,718-272-2780,3333 Royal Ave.,Oceanside,Bialy.com,,,Eat & Drink,Eat & Drink,"Bell’s Brooklyn Bagels & Bialys is a third-generation family bakery, proudly crafting authentic New York bagels and bialys, wholesaling to the public fresh from Oceanside.",,,,,,,,,,,,,,,,,,,,,,,,,,,,,,,,,,,,,,,,,,,,,,,,,,,,,,,,,,,,,,,,,,,,,,,,,,,,,,,,,,,,,,,,,,,,,,,,,,,,,,,,,,,,,,,,,,,,,,,,,,,,,,,,,,,,,,,,,,,,,,,,,,,,,,,,,,,,,,,,,,,,,,,,,,,,,,,,,
54T,Diamond Discount Beauty Supply,516-594-1839,2937 Long Beach Rd.,Oceanside,,,,Shop & Discover,Shop & Discover,"Beauty Supply Discounted! Wholesale, retail. Professional, courteous help in: haircare, nailcare, cosmetics, fragrances, salon supplies, electrical appliances, hair removal, hair additions, hair accessories, costume jewelry.",,,,,,,,,,,,,,,,,,,,,,,,,,,,,,,,,,,,,,,,,,,,,,,,,,,,,,,,,,,,,,,,,,,,,,,,,,,,,,,,,,,,,,,,,,,,,,,,,,,,,,,,,,,,,,,,,,,,,,,,,,,,,,,,,,,,,,,,,,,,,,,,,,,,,,,,,,,,,,,,,,,,,,,,,,,,,,,,,
55D,Tocci Family Chiropractic & Holistic Lifestyle Center,516-766-1717 x4,3089 Lawson Blvd.,Oceanside,TocciFamilyChiro.com,,,Thrive & Be Well,Thrive & Be Well,"Tocci Family Chiropractic & Holistic Lifestyle Center blends expert chiropractic care with holistic therapies, guiding families to optimal health through personalized care plans and wellness-focused education.",,,,,,,,,,,,,,,,,,,,,,,,,,,,,,,,,,,,,,,,,,,,,,,,,,,,,,,,,,,,,,,,,,,,,,,,,,,,,,,,,,,,,,,,,,,,,,,,,,,,,,,,,,,,,,,,,,,,,,,,,,,,,,,,,,,,,,,,,,,,,,,,,,,,,,,,,,,,,,,,,,,,,,,,,,,,,,,,,
56S,Snider's Formal Wear,516-442-2828,2898 Long Beach Rd.,Oceanside,SnidersFormalWear.net,,,Shop & Discover,Shop & Discover,"Complete quality & low cost tuxedo rental, in business since 1908. Offering the finest Suits and Accessories in the tri-state area.",,,,,,,,,,,,,,,,,,,,,,,,,,,,,,,,,,,,,,,,,,,,,,,,,,,,,,,,,,,,,,,,,,,,,,,,,,,,,,,,,,,,,,,,,,,,,,,,,,,,,,,,,,,,,,,,,,,,,,,,,,,,,,,,,,,,,,,,,,,,,,,,,,,,,,,,,,,,,,,,,,,,,,,,,,,,,,,,,
57D,Living Legends Memorabilia and Collectibles,516-826-4000,124 S. Long Beach Rd.,Rockville Centre,LivingLegendsNY.com,,,Shop & Discover,Shop & Discover,"For aficionados of sports, memorabilia, and collectibles, and others looking for gifts for collectors, we've got you covered. Available to conduct charity auctions.",,,,,,,,,,,,,,,,,,,,,,,,,,,,,,,,,,,,,,,,,,,,,,,,,,,,,,,,,,,,,,,,,,,,,,,,,,,,,,,,,,,,,,,,,,,,,,,,,,,,,,,,,,,,,,,,,,,,,,,,,,,,,,,,,,,,,,,,,,,,,,,,,,,,,,,,,,,,,,,,,,,,,,,,,,,,,,,,,
58D,Sons of a Butcher,516-764-4589,13 1/2 Brower Ave.,Oceanside,instagram.com/sonsofabutcher,,,Shop & Discover,Shop & Discover,"Full scale butcher offering USDA Prime Beef, Wagyu Beef, Dry Beef, and Prepared Meals. Voted #1 butcher shop in 2025.",,,,,,,,,,,,,,,,,,,,,,,,,,,,,,,,,,,,,,,,,,,,,,,,,,,,,,,,,,,,,,,,,,,,,,,,,,,,,,,,,,,,,,,,,,,,,,,,,,,,,,,,,,,,,,,,,,,,,,,,,,,,,,,,,,,,,,,,,,,,,,,,,,,,,,,,,,,,,,,,,,,,,,,,,,,,,,,,,
59T,Barry & Florence Friedberg  Jewish Community Center,516-766-4341,15 Neil Ct.,Oceanside,FriedbergJCC.org,,,Gather & Connect,Gather & Connect,We provide programs and services in a warm and caring environment for all people in every stage of life – we invite you to join us!,,,,,,,,,,,,,,,,,,,,,,,,,,,,,,,,,,,,,,,,,,,,,,,,,,,,,,,,,,,,,,,,,,,,,,,,,,,,,,,,,,,,,,,,,,,,,,,,,,,,,,,,,,,,,,,,,,,,,,,,,,,,,,,,,,,,,,,,,,,,,,,,,,,,,,,,,,,,,,,,,,,,,,,,,,,,,,,,,
60D,Lucas II: The Dominican Spot,516-208-7295,3115 Long Beach Rd.,Oceanside,Lucas2Oceanside.com,,,Eat & Drink,Eat & Drink,Please come in and enjoy the best flavors of the Caribbean in the Island. Don't miss our tastiest dishes and ambience.,,,,,,,,,,,,,,,,,,,,,,,,,,,,,,,,,,,,,,,,,,,,,,,,,,,,,,,,,,,,,,,,,,,,,,,,,,,,,,,,,,,,,,,,,,,,,,,,,,,,,,,,,,,,,,,,,,,,,,,,,,,,,,,,,,,,,,,,,,,,,,,,,,,,,,,,,,,,,,,,,,,,,,,,,,,,,,,,,
61D,A1 HR Towing & Transport Inc.,516-216-0121,9 Neil Ct.,Oceanside,HRTowingAndAutobody.com,,facebook.com/hrtowingandtransport,Live & Work,Live & Work,Emergencies | collisions | junk car removal | low clearance | heavy duty | winch service | private property | blocked driveways | auto body & repairs | 24hr roadside assistance | parkway authorized,,,,,,,,,,,,,,,,,,,,,,,,,,,,,,,,,,,,,,,,,,,,,,,,,,,,,,,,,,,,,,,,,,,,,,,,,,,,,,,,,,,,,,,,,,,,,,,,,,,,,,,,,,,,,,,,,,,,,,,,,,,,,,,,,,,,,,,,,,,,,,,,,,,,,,,,,,,,,,,,,,,,,,,,,,,,,,,,,
62T,FRAMEBAR.CO,516-888-1038,2894 Long Beach Rd.,Oceanside,FrameBar.co,,,Thrive & Be Well,Thrive & Be Well,"Thank you for 200+ 5-star reviews! FrameBar provides comprehensive exams, advanced optical technology, expert frame styling, accepts most insurances, and offers doctor services six days weekly.",Yes,,,,,,,,,,,,,,,,,,,,,,,,,,,,,,,,,,,,,,,,,,,,,,,,,,,,,,,,,,,,,,,,,,,,,,,,,,,,,,,,,,,,,,,,,,,,,,,,,,,,,,,,,,,,,,,,,,,,,,,,,,,,,,,,,,,,,,,,,,,,,,,,,,,,,,,,,,,,,,,,,,,,,,,,,,,,,,,,
63S,Pilates By The Ocean,516-807-4054,3000 Long Beach Rd. Suite 13,Oceanside,instagram.com/pilatesbytheocean,,,Thrive & Be Well,Thrive & Be Well,"Boutique classical Pilates studio offering personalized one-on-one sessions tailored to each body’s needs. Fully equipped with a reformer, Cadillac and other Pilates apparatus . Led by a passionate teacher with 20 years’ experience.",,,,,,,,,,,,,,,,,,,,,,,,,,,,,,,,,,,,,,,,,,,,,,,,,,,,,,,,,,,,,,,,,,,,,,,,,,,,,,,,,,,,,,,,,,,,,,,,,,,,,,,,,,,,,,,,,,,,,,,,,,,,,,,,,,,,,,,,,,,,,,,,,,,,,,,,,,,,,,,,,,,,,,,,,,,,,,,,,
64D,Metro Physical Therapy & Aquatics By The Sea,516-766-0505,11 Neil Ct.,Oceanside,PhysicalTherapyAndAquatics.com,,,Thrive & Be Well,Thrive & Be Well,Providing the very best physical therapy care to Oceanside and the surrounding area since 2005. All insurances accepted.,,,,,,,,,,,,,,,,,,,,,,,,,,,,,,,,,,,,,,,,,,,,,,,,,,,,,,,,,,,,,,,,,,,,,,,,,,,,,,,,,,,,,,,,,,,,,,,,,,,,,,,,,,,,,,,,,,,,,,,,,,,,,,,,,,,,,,,,,,,,,,,,,,,,,,,,,,,,,,,,,,,,,,,,,,,,,,,,,
65T,High Velocity Collision,516-678-4484,3365 Riverside Dr.,Oceanside,HighVelocityCollision.com,,,Live & Work,Live & Work,"Your trusted full-service auto collision & body repair shop. From structural repairs and paintwork to alignments and dent removal, we bring experience, professionalism, and attention to detail to every job.",,,,,,,,,,,,,,,,,,,,,,,,,,,,,,,,,,,,,,,,,,,,,,,,,,,,,,,,,,,,,,,,,,,,,,,,,,,,,,,,,,,,,,,,,,,,,,,,,,,,,,,,,,,,,,,,,,,,,,,,,,,,,,,,,,,,,,,,,,,,,,,,,,,,,,,,,,,,,,,,,,,,,,,,,,,,,,,,,
66T,Fuhrman's Carpet and Floors,516-678-3111,2415 S. Long Beach Rd.,Oceanside,FuhrmansFloors.com,,,Shop & Discover,Shop & Discover,"New Location! Oceanside's trusted name for quality and service since 1929. Carpet, luxury vinyl, hardwood floors, laminates, area rugs, stair runners, wallpaper, fabric, window treatments. Expert wood floor refinishing. Residential / commercial.",Yes,,,,,,,,,,,,,,,,,,,,,,,,,,,,,,,,,,,,,,,,,,,,,,,,,,,,,,,,,,,,,,,,,,,,,,,,,,,,,,,,,,,,,,,,,,,,,,,,,,,,,,,,,,,,,,,,,,,,,,,,,,,,,,,,,,,,,,,,,,,,,,,,,,,,,,,,,,,,,,,,,,,,,,,,,,,,,,,,
67T,Quattro Amici Wine,516-883-4757,3670 W. Oceanside Rd. #2,Oceanside,QuattroAmiciWine.com,,,Eat & Drink,Eat & Drink,"Small batch winery crafting unique blends from the finest grapes, sourced locally and abroad that honor tradition and friendship from vine to glass",Yes,,,,,,,,,,,,,,,,,,,,,,,,,,,,,,,,,,,,,,,,,,,,,,,,,,,,,,,,,,,,,,,,,,,,,,,,,,,,,,,,,,,,,,,,,,,,,,,,,,,,,,,,,,,,,,,,,,,,,,,,,,,,,,,,,,,,,,,,,,,,,,,,,,,,,,,,,,,,,,,,,,,,,,,,,,,,,,,,
68S,Mario's Pizzeria,516-536-5460,2822 Brower Ave.,Oceanside,MariosPizzeriaOceanside.replit.app,,,Eat & Drink,Eat & Drink,"A cornerstone of the Oceanside community since 1982. For over 40 years, we've been serving authentic Italian pizza and Italian-American cuisine to our neighbors. Traditional recipes - fresh ingredients.",,,,,,,,,,,,,,,,,,,,,,,,,,,,,,,,,,,,,,,,,,,,,,,,,,,,,,,,,,,,,,,,,,,,,,,,,,,,,,,,,,,,,,,,,,,,,,,,,,,,,,,,,,,,,,,,,,,,,,,,,,,,,,,,,,,,,,,,,,,,,,,,,,,,,,,,,,,,,,,,,,,,,,,,,,,,,,,,,
69D,Bonbino's Pizza Restaurant - Merrick Rd.,516-764-9237,605 Merrick Rd.,Rockville Centre,BonbinosPizza.com,instagram.com/,facebook.com/,Eat & Drink,Eat & Drink,"Family-run spot voted business of the year in past years, food always prepared to order, delivery and catering, open 7 days a week! Peanut/tree-nut free and gluten-free pizza options.",,,,,,,,,,,,,,,,,,,,,,,,,,,,,,,,,,,,,,,,,,,,,,,,,,,,,,,,,,,,,,,,,,,,,,,,,,,,,,,,,,,,,,,,,,,,,,,,,,,,,,,,,,,,,,,,,,,,,,,,,,,,,,,,,,,,,,,,,,,,,,,,,,,,,,,,,,,,,,,,,,,,,,,,,,,,,,,,,
70D,Bonbino's Pizza Restaurant - Lawson Blvd.,516-594-2900,3143 Lawson Blvd.,Oceanside,BonbinosPizza.com,instagram.com/,facebook.com/,Eat & Drink,Eat & Drink,"Family-run spot voted business of the year in past years, food always prepared to order, delivery and catering, open 7 days a week! Peanut/tree-nut free. Gluten-free pizza options. By Dunkin' Donuts. Every day except Monday.",,,,,,,,,,,,,,,,,,,,,,,,,,,,,,,,,,,,,,,,,,,,,,,,,,,,,,,,,,,,,,,,,,,,,,,,,,,,,,,,,,,,,,,,,,,,,,,,,,,,,,,,,,,,,,,,,,,,,,,,,,,,,,,,,,,,,,,,,,,,,,,,,,,,,,,,,,,,,,,,,,,,,,,,,,,,,,,,,
71S,Rolling River Day Camp,516-593-2267,477 Ocean Ave.,East Rockaway,RollingRiver.com,instagram.com/rollingriverdaycamp,facebook.com/rollingriver,Learn & Play,Learn & Play,"Rolling River Day Camp in East Rockaway offers over 40 activities for ages 3–15, serves as a premier party and event venue, and celebrates 34 years of summer fun.",Yes,,,,,,,,,,,,,,,,,,,,,,,,,,,,,,,,,,,,,,,,,,,,,,,,,,,,,,,,,,,,,,,,,,,,,,,,,,,,,,,,,,,,,,,,,,,,,,,,,,,,,,,,,,,,,,,,,,,,,,,,,,,,,,,,,,,,,,,,,,,,,,,,,,,,,,,,,,,,,,,,,,,,,,,,,,,,,,,,
72S,M&T Bank,516-678-1682,12 Atlantic Ave.,Oceanside,MTB.com,instagram.com/,facebook.com/,Live & Work,Live & Work,We make banking easy. More Choices. More possibilities. M&T is committed to the growth and sustainability of the businesses and neighborhoods we serve.,Yes,,,,,,,,,,,,,,,,,,,,,,,,,,,,,,,,,,,,,,,,,,,,,,,,,,,,,,,,,,,,,,,,,,,,,,,,,,,,,,,,,,,,,,,,,,,,,,,,,,,,,,,,,,,,,,,,,,,,,,,,,,,,,,,,,,,,,,,,,,,,,,,,,,,,,,,,,,,,,,,,,,,,,,,,,,,,,,,,
73S,BP Gas & Expert Auto Repair,516-678-5803,160 Davison Ave.,Oceanside,,,,Live & Work,Live & Work,Foreign and domestic expert auto repair. Serving Oceanside for 30 years. Corner of Oceanside Rd.,Yes,,,,,,,,,,,,,,,,,,,,,,,,,,,,,,,,,,,,,,,,,,,,,,,,,,,,,,,,,,,,,,,,,,,,,,,,,,,,,,,,,,,,,,,,,,,,,,,,,,,,,,,,,,,,,,,,,,,,,,,,,,,,,,,,,,,,,,,,,,,,,,,,,,,,,,,,,,,,,,,,,,,,,,,,,,,,,,,,
74D,Reed Channel Marina / Bay Park Marine Service,516-764-2552,3346 Royal Ave.,Oceanside,BayParkMarineService.com,,,Live & Work,Live & Work,We are a family owned and operated full service marina serving boaters for over 40 years dedicated to ensuring more time on the water for customers.,,,,,,,,,,,,,,,,,,,,,,,,,,,,,,,,,,,,,,,,,,,,,,,,,,,,,,,,,,,,,,,,,,,,,,,,,,,,,,,,,,,,,,,,,,,,,,,,,,,,,,,,,,,,,,,,,,,,,,,,,,,,,,,,,,,,,,,,,,,,,,,,,,,,,,,,,,,,,,,,,,,,,,,,,,,,,,,,,
75D,The Complete Window,516-868-0806,544 Merrick Rd.,Baldwin,,,,Shop & Discover,Shop & Discover,"We have a wide selection of window treatments.  Custom shutters, shades, drapery, upholstery, and bedding.  Specializing in motorized shades and home automation.",,,,,,,,,,,,,,,,,,,,,,,,,,,,,,,,,,,,,,,,,,,,,,,,,,,,,,,,,,,,,,,,,,,,,,,,,,,,,,,,,,,,,,,,,,,,,,,,,,,,,,,,,,,,,,,,,,,,,,,,,,,,,,,,,,,,,,,,,,,,,,,,,,,,,,,,,,,,,,,,,,,,,,,,,,,,,,,,,
76T,Will’s Bagels,516-208-6676,3108 Lawson Blvd.,Oceanside,WillsBagelCafe.com,instagram.com/,facebook.com/,Eat & Drink,Eat & Drink,"Handmade bagels made the old-fashioned way, boiling them in a kettle and baking them fresh every day. We greet our customers with a big smile and great service.",Yes,,,,,,,,,,,,,,,,,,,,,,,,,,,,,,,,,,,,,,,,,,,,,,,,,,,,,,,,,,,,,,,,,,,,,,,,,,,,,,,,,,,,,,,,,,,,,,,,,,,,,,,,,,,,,,,,,,,,,,,,,,,,,,,,,,,,,,,,,,,,,,,,,,,,,,,,,,,,,,,,,,,,,,,,,,,,,,,,
77T,Auto Tech Pitstop,347-433-3740,76 S. Long Beach Rd.,Rockville Centre,AutoTechPitStop.com,instagram.com/autotechpitstop,facebook.com/autotechpitstop,Live & Work,Live & Work,"Auto Tech Pitstop provides dealership-quality auto repair and performance services at fair prices, proudly serving Long Island with trusted mechanics, honest service, and community spirit.",Yes,,,,,,,,,,,,,,,,,,,,,,,,,,,,,,,,,,,,,,,,,,,,,,,,,,,,,,,,,,,,,,,,,,,,,,,,,,,,,,,,,,,,,,,,,,,,,,,,,,,,,,,,,,,,,,,,,,,,,,,,,,,,,,,,,,,,,,,,,,,,,,,,,,,,,,,,,,,,,,,,,,,,,,,,,,,,,,,,
78D,Louisiana Joe’s Sandwich Shop,516-442-9838,488 Merrick Rd.,Oceanside,LouisianaJoes.com,JoloCajun.com,facebook.com/,Eat & Drink,Eat & Drink,"Poboys, gumbos, jambalaya, burgers, salads, sandwiches & more. Eat in or take out. All food made fresh to order. Wine & beer. Catering available.",Yes,,,,,,,,,,,,,,,,,,,,,,,,,,,,,,,,,,,,,,,,,,,,,,,,,,,,,,,,,,,,,,,,,,,,,,,,,,,,,,,,,,,,,,,,,,,,,,,,,,,,,,,,,,,,,,,,,,,,,,,,,,,,,,,,,,,,,,,,,,,,,,,,,,,,,,,,,,,,,,,,,,,,,,,,,,,,,,,,
79D,Marcos Auto Body,516-414-0364,3592 Hampton Rd.,Oceanside,MarcusAutoBodyLLC.com,,facebook.com/marcosautobody,Live & Work,Live & Work,We do all type of work from custom jobs to insurance jobs or any other work you need. Stop by or give us a call - we are here for you!,,,,,,,,,,,,,,,,,,,,,,,,,,,,,,,,,,,,,,,,,,,,,,,,,,,,,,,,,,,,,,,,,,,,,,,,,,,,,,,,,,,,,,,,,,,,,,,,,,,,,,,,,,,,,,,,,,,,,,,,,,,,,,,,,,,,,,,,,,,,,,,,,,,,,,,,,,,,,,,,,,,,,,,,,,,,,,,,,
80D,Forever Diamonds,516-670-0097,42 Atlantic Ave.,Oceanside,ForeverDiamonds.com,instagram.com/foreverdiamondsofoceanside/,,Shop & Discover,Shop & Discover,"We buy gold, diamonds & estate jewelry. Expert jewelry remodeling on premises. Largest selection of G.I.A. certified diamonds. Family owned and operated for over 30 years!",,,,,,,,,,,,,,,,,,,,,,,,,,,,,,,,,,,,,,,,,,,,,,,,,,,,,,,,,,,,,,,,,,,,,,,,,,,,,,,,,,,,,,,,,,,,,,,,,,,,,,,,,,,,,,,,,,,,,,,,,,,,,,,,,,,,,,,,,,,,,,,,,,,,,,,,,,,,,,,,,,,,,,,,,,,,,,,,,
81T,Stonegate Real Estate,516-740-2777,2A Poole St.,Oceanside,StoneGateRE.com,instagram.com/stonegaterealestate,facebook.com/stonegaterealestate,Live & Work,Live & Work,"Founded by Anthony Ponte and Robert Heicklen, our Oceanside boutique firm delivers residential, commercial, and property management services across surrounding areas, prioritizing client relationships and seamless transactions.",Yes,,,,,,,,,,,,,,,,,,,,,,,,,,,,,,,,,,,,,,,,,,,,,,,,,,,,,,,,,,,,,,,,,,,,,,,,,,,,,,,,,,,,,,,,,,,,,,,,,,,,,,,,,,,,,,,,,,,,,,,,,,,,,,,,,,,,,,,,,,,,,,,,,,,,,,,,,,,,,,,,,,,,,,,,,,,,,,,,
82T,Nassau Vision,516-536-5300,3177 Long Beach Rd.,Oceanside,NassauVisionOceanside.com,,,Thrive & Be Well,Thrive & Be Well,"Oldest optical in Oceanside, serving the community since 1976. Providing eyeglasses, contact lenses, and eye care. Accepts all insurance.",Yes,,,,,,,,,,,,,,,,,,,,,,,,,,,,,,,,,,,,,,,,,,,,,,,,,,,,,,,,,,,,,,,,,,,,,,,,,,,,,,,,,,,,,,,,,,,,,,,,,,,,,,,,,,,,,,,,,,,,,,,,,,,,,,,,,,,,,,,,,,,,,,,,,,,,,,,,,,,,,,,,,,,,,,,,,,,,,,,,
83S,Omni Present Investigations,516-323-9827,,Rockville Centre,OmniPresentInvestigations.com,instagram.com/,facebook.com/,Live & Work,Live & Work,"A New York-based private investigations firm delivering discreet, results-driven intelligence for individuals and law firms worldwide--specializing in surveillance, fraud, misconduct, and due diligence.",,,,Y,,,,,,,,,,,,,,,,,,,,,,,,,,,,,,,,,,,,,,,,,,,,,,,,,,,,,,,,,,,,,,,,,,,,,,,,,,,,,,,,,,,,,,,,,,,,,,,,,,,,,,,,,,,,,,,,,,,,,,,,,,,,,,,,,,,,,,,,,,,,,,,,,,,,,,,,,,,,,,,,,,,,,,,,,,,,,
84T,Sanctuary Hair Collective,516-960-7222,2899 Long Beach Rd.,Oceanside,SanctuaryOceanside.com,instagram.com/thisisyoursanctuary,facebook.com/,Thrive & Be Well,Thrive & Be Well,"A laid-back yet luxury salon experience designed to feel like a short getaway in your busy world. We value self-care, not routine maintenance.",Yes,,,,,,,,,,,,,,,,,,,,,,,,,,,,,,,,,,,,,,,,,,,,,,,,,,,,,,,,,,,,,,,,,,,,,,,,,,,,,,,,,,,,,,,,,,,,,,,,,,,,,,,,,,,,,,,,,,,,,,,,,,,,,,,,,,,,,,,,,,,,,,,,,,,,,,,,,,,,,,,,,,,,,,,,,,,,,,,,
85D,Island Auto Body,516-678-6040,2671 Oceanside Rd.,Oceanside,IslandAB.com,instagram.com/,facebook.com/,Live & Work,Live & Work,"On site services include 24hr flatbed towing, rental vehicles on-site, detail services, and a state of the art color matching laboratory.",,,,,,,,,,,,,,,,,,,,,,,,,,,,,,,,,,,,,,,,,,,,,,,,,,,,,,,,,,,,,,,,,,,,,,,,,,,,,,,,,,,,,,,,,,,,,,,,,,,,,,,,,,,,,,,,,,,,,,,,,,,,,,,,,,,,,,,,,,,,,,,,,,,,,,,,,,,,,,,,,,,,,,,,,,,,,,,,,
86S,MJ Thyma Laundromat,516-566-3696,218 Merrick Rd.,Oceanside,,,,Live & Work,Live & Work,"Fresh laundry, fresh smiles! Monday to Saturday: 8AM to 9PM. Closed Sunday. Free pick up and same day delivery. Full Service.",,,,,,,,,,,,,,,,,,,,,,,,,,,,,,,,,,,,,,,,,,,,,,,,,,,,,,,,,,,,,,,,,,,,,,,,,,,,,,,,,,,,,,,,,,,,,,,,,,,,,,,,,,,,,,,,,,,,,,,,,,,,,,,,,,,,,,,,,,,,,,,,,,,,,,,,,,,,,,,,,,,,,,,,,,,,,,,,,
87S,Vision Decision,516-255-2020,40 Atlantic Ave.,Oceanside,,,facebook.com/visiondecision,Thrive & Be Well,Thrive & Be Well,"Expert eye exams, contact lens fittings, and stylish frames- all in a fun and friendly office where your vision is a priority. Most insurances accepted. ",,,,,,,,,,,,,,,,,,,,,,,,,,,,,,,,,,,,,,,,,,,,,,,,,,,,,,,,,,,,,,,,,,,,,,,,,,,,,,,,,,,,,,,,,,,,,,,,,,,,,,,,,,,,,,,,,,,,,,,,,,,,,,,,,,,,,,,,,,,,,,,,,,,,,,,,,,,,,,,,,,,,,,,,,,,,,,,,,
88T,"Reddy Care Physical, Occupational & Aquatic Therapy",516-992-2282,2421 S. Long Beach Rd.,Oceanside,ReddyCare.net,,,Thrive & Be Well,Thrive & Be Well,"Providing personalized, one-on-one physical and occupational therapy focused on lasting results, improved mobility, and helping patients regain strength and independence close to home.",Yes,,,,,,,,,,,,,,,,,,,,,,,,,,,,,,,,,,,,,,,,,,,,,,,,,,,,,,,,,,,,,,,,,,,,,,,,,,,,,,,,,,,,,,,,,,,,,,,,,,,,,,,,,,,,,,,,,,,,,,,,,,,,,,,,,,,,,,,,,,,,,,,,,,,,,,,,,,,,,,,,,,,,,,,,,,,,,,,,
89S,State Farm,516-208-4451,566 Merrick Rd.,Rockville Centre,,,,Live & Work,Live & Work,"Our bi-lingual English & Spanish team are local to RVC. Free quotes on auto, homeowners, renters, term/whole/universal life as well as health insurance and personal liability & umbrella policies. Stop by or call!",,,,,,,,,,,,,,,,,,,,,,,,,,,,,,,,,,,,,,,,,,,,,,,,,,,,,,,,,,,,,,,,,,,,,,,,,,,,,,,,,,,,,,,,,,,,,,,,,,,,,,,,,,,,,,,,,,,,,,,,,,,,,,,,,,,,,,,,,,,,,,,,,,,,,,,,,,,,,,,,,,,,,,,,,,,,,,,,,
90S,Nat's Unisex Haircutter,516-763-3077,532 Merrick Rd.,Rockville Centre,,,,Thrive & Be Well,Thrive & Be Well,"Mens styling and detail cuts. Womens high and low cuts, perms, and coloring. All kinds of hair systems service, supplies, and private studio.",,,,,,,,,,,,,,,,,,,,,,,,,,,,,,,,,,,,,,,,,,,,,,,,,,,,,,,,,,,,,,,,,,,,,,,,,,,,,,,,,,,,,,,,,,,,,,,,,,,,,,,,,,,,,,,,,,,,,,,,,,,,,,,,,,,,,,,,,,,,,,,,,,,,,,,,,,,,,,,,,,,,,,,,,,,,,,,,,
91T,Gary Nadler DDS P.C.,516-763-5683,129 Davison Ave.,Oceanside,,,,Thrive & Be Well,Thrive & Be Well,Providing all aspects of general and cosmetic dentistry for your entire family.,Yes,,,,,,,,,,,,,,,,,,,,,,,,,,,,,,,,,,,,,,,,,,,,,,,,,,,,,,,,,,,,,,,,,,,,,,,,,,,,,,,,,,,,,,,,,,,,,,,,,,,,,,,,,,,,,,,,,,,,,,,,,,,,,,,,,,,,,,,,,,,,,,,,,,,,,,,,,,,,,,,,,,,,,,,,,,,,,,,,
92S,Marino Goetz & Assoc.,516-536-7639,433 Merrick Rd.,Oceanside,JohnJMarinoTaxes.com,instagram.com/,facebook.com/,Live & Work,Live & Work,"Serving Long Island with income tax preparation and bookkeeping, offering free consultations and personalized service year round for individuals and businesses.",,,,,,,,,,,,,,,,,,,,,,,,,,,,,,,,,,,,,,,,,,,,,,,,,,,,,,,,,,,,,,,,,,,,,,,,,,,,,,,,,,,,,,,,,,,,,,,,,,,,,,,,,,,,,,,,,,,,,,,,,,,,,,,,,,,,,,,,,,,,,,,,,,,,,,,,,,,,,,,,,,,,,,,,,,,,,,,,,
93D,PJ Diagnostics,917-770-2440,3021 Lawson Blvd.,Oceanside,PJDiagnostics.com,instagram.com/,facebook.com/,Live & Work,Live & Work,"Mobile & in-shop automotive experts specializing in ADAS calibrations, diagnostics, electrical issues, coding, and key programming. Serving Oceanside and surrounding areas with precision and care.",,,,,,,,,,,,,,,,,,,,,,,,,,,,,,,,,,,,,,,,,,,,,,,,,,,,,,,,,,,,,,,,,,,,,,,,,,,,,,,,,,,,,,,,,,,,,,,,,,,,,,,,,,,,,,,,,,,,,,,,,,,,,,,,,,,,,,,,,,,,,,,,,,,,,,,,,,,,,,,,,,,,,,,,,,,,,,,,,
94S,All American Deli,516-600-9360,161 Woods Ave.,Oceanside,AllAmericanDelis.com,instagram.com/,facebook.com/allamericandeli,Shop & Discover,Shop & Discover,"All American Deli – Authentic. Local. All American. Oceanside’s go-to spot for stacked sandwiches, sizzling breakfast, and friendly hometown service. Come taste what everyone’s talking about!",Yes,,,,,,,,,,,,,,,,,,,,,,,,,,,,,,,,,,,,,,,,,,,,,,,,,,,,,,,,,,,,,,,,,,,,,,,,,,,,,,,,,,,,,,,,,,,,,,,,,,,,,,,,,,,,,,,,,,,,,,,,,,,,,,,,,,,,,,,,,,,,,,,,,,,,,,,,,,,,,,,,,,,,,,,,,,,,,,,,
95S,Professional Physical Therapy,516-549-5070,2837 Long Beach Rd.,Oceanside,ProfessionalPT.com,,,Thrive & Be Well,Thrive & Be Well,"Our physical therapists create personalized plans to restore mobility, strength, and wellness, helping you recover quickly and return to the activities you love.",Yes,,,,,,,,,,,,,,,,,,,,,,,,,,,,,,,,,,,,,,,,,,,,,,,,,,,,,,,,,,,,,,,,,,,,,,,,,,,,,,,,,,,,,,,,,,,,,,,,,,,,,,,,,,,,,,,,,,,,,,,,,,,,,,,,,,,,,,,,,,,,,,,,,,,,,,,,,,,,,,,,,,,,,,,,,,,,,,,,
96D,Frasada Salon & Day Spa,516-766-7076,2785 Long Beach Rd.,Oceanside,Frasada.com,instagram.com/,facebook.com/,Thrive & Be Well,Thrive & Be Well,"Created to provide a haven from your busy lifestyle. A place to discover the inner you, restore your well-being and pamper yourself in every way.",Yes,,,,,,,,,,,,,,,,,,,,,,,,,,,,,,,,,,,,,,,,,,,,,,,,,,,,,,,,,,,,,,,,,,,,,,,,,,,,,,,,,,,,,,,,,,,,,,,,,,,,,,,,,,,,,,,,,,,,,,,,,,,,,,,,,,,,,,,,,,,,,,,,,,,,,,,,,,,,,,,,,,,,,,,,,,,,,,,,
97T,1-888-Dumpster.com,1-888-DUMPSTER,495 New St.,Oceanside,1888Dumpster.com,instagram.com/,facebook.com/,Live & Work,Live & Work,"Competitively priced and reliable dumpster rental services. Our expert team ensures a seamless and friendly experience from start to finish, with a focus on exceptional customer service.",,,,,,,,,,,,,,,,,,,,,,,,,,,,,,,,,,,,,,,,,,,,,,,,,,,,,,,,,,,,,,,,,,,,,,,,,,,,,,,,,,,,,,,,,,,,,,,,,,,,,,,,,,,,,,,,,,,,,,,,,,,,,,,,,,,,,,,,,,,,,,,,,,,,,,,,,,,,,,,,,,,,,,,,,,,,,,,,,
98D,D-Best Carting,516-345-2611,495 New St.,Oceanside,DBestCarting.com,instagram.com/,facebook.com/,Live & Work,Live & Work,We are a family owned and operated dumpster rental company for over 20 years. We stand behind our services 100%.,,,,,,,,,,,,,,,,,,,,,,,,,,,,,,,,,,,,,,,,,,,,,,,,,,,,,,,,,,,,,,,,,,,,,,,,,,,,,,,,,,,,,,,,,,,,,,,,,,,,,,,,,,,,,,,,,,,,,,,,,,,,,,,,,,,,,,,,,,,,,,,,,,,,,,,,,,,,,,,,,,,,,,,,,,,,,,,,,
99D,Crows Nest Marina,516-766-2020,495 New St.,Oceanside,CrowsNestMarina.com,,,Live & Work,Live & Work,Crows Nest Marina is a full service marina including winter and summer storage.,,,,,,,,,,,,,,,,,,,,,,,,,,,,,,,,,,,,,,,,,,,,,,,,,,,,,,,,,,,,,,,,,,,,,,,,,,,,,,,,,,,,,,,,,,,,,,,,,,,,,,,,,,,,,,,,,,,,,,,,,,,,,,,,,,,,,,,,,,,,,,,,,,,,,,,,,,,,,,,,,,,,,,,,,,,,,,,,,
100D,Earth Tech Recycling,516-408-4661,1800 Access Rd.,Oceanside,EarthTechRecycling.com,instagram.com/,facebook.com/,Live & Work,Live & Work,"We offer comprehensive recycling solutions for contractors. Bring your concrete, dirt, asphalt, and brick to our Oceanside facility for eco-friendly disposal.",,,,,,,,,,,,,,,,,,,,,,,,,,,,,,,,,,,,,,,,,,,,,,,,,,,,,,,,,,,,,,,,,,,,,,,,,,,,,,,,,,,,,,,,,,,,,,,,,,,,,,,,,,,,,,,,,,,,,,,,,,,,,,,,,,,,,,,,,,,,,,,,,,,,,,,,,,,,,,,,,,,,,,,,,,,,,,,,,
101S,Eleven Salon,516-536-1107,7 W. Davison Ave.,Oceanside,,,,Thrive & Be Well,Thrive & Be Well,Boutique salon serving customers since 2009. Cut and color and chemical services.,,,,,,,,,,,,,,,,,,,,,,,,,,,,,,,,,,,,,,,,,,,,,,,,,,,,,,,,,,,,,,,,,,,,,,,,,,,,,,,,,,,,,,,,,,,,,,,,,,,,,,,,,,,,,,,,,,,,,,,,,,,,,,,,,,,,,,,,,,,,,,,,,,,,,,,,,,,,,,,,,,,,,,,,,,,,,,,,,
102S,Jakari J Salon,516-517-8228,2945 Long Beach Rd.,Oceanside,JakariJSalon.com,instagram.com/jakarijsalon,facebook.com/,Thrive & Be Well,Thrive & Be Well,"Slayed hair doesn't happen by chance... it happens by appointment. From natural hair and curly hair, to weaves and customized conditioning treatments, and silk presses and relaxers, we do it all. ",,,,,,,,,,,,,,,,,,,,,,,,,,,,,,,,,,,,,,,,,,,,,,,,,,,,,,,,,,,,,,,,,,,,,,,,,,,,,,,,,,,,,,,,,,,,,,,,,,,,,,,,,,,,,,,,,,,,,,,,,,,,,,,,,,,,,,,,,,,,,,,,,,,,,,,,,,,,,,,,,,,,,,,,,,,,,,,,,
103D,Advantage Toyota,516-867-8600,400 Sunrise Hwy.,Valley Stream,AdvantageToyotaNY.com,instagram.com/,facebook.com/,Shop & Discover,Shop & Discover,"Advantage Toyota is committed to delivering exceptional customer service, great deals, and a stress-free car buying experience. Discover quality new and pre-owned vehicles in Oceanside today.",,,,,,,,,,,,,,,,,,,,,,,,,,,,,,,,,,,,,,,,,,,,,,,,,,,,,,,,,,,,,,,,,,,,,,,,,,,,,,,,,,,,,,,,,,,,,,,,,,,,,,,,,,,,,,,,,,,,,,,,,,,,,,,,,,,,,,,,,,,,,,,,,,,,,,,,,,,,,,,,,,,,,,,,,,,,,,,,,
104T,PIP Printing,516-536-3600,2915 Long Beach Rd.,Oceanside,PIP.com/OceansideNY268,instagram.com/,facebook.com/,Live & Work,Live & Work,"We Do: Print, Copy, Graphic Design, Signs, Promotional Items, Labels, Business Cards, Letterheads, Envelopes, Mailings, Forms, Banners, Invitations, Postcards, Tablecloths, Brochures, Journals, everything you need! ",Yes,,,,,,,,,,,,,,,,,,,,,,,,,,,,,,,,,,,,,,,,,,,,,,,,,,,,,,,,,,,,,,,,,,,,,,,,,,,,,,,,,,,,,,,,,,,,,,,,,,,,,,,,,,,,,,,,,,,,,,,,,,,,,,,,,,,,,,,,,,,,,,,,,,,,,,,,,,,,,,,,,,,,,,,,,,,,,,,,
105D,Captain Mike’s Seafood & Lobster Co.,516-678-4522,3388 Long Beach Rd.,Oceanside,,,,Shop & Discover,Shop & Discover,"The freshest seafood on Long Island! From a family of three generations of commercial fishermen, we’re proudly family owned and operated. We offer raw, cooked, and catered seafood for every occasion.",,,,,,,,,,,,,,,,,,,,,,,,,,,,,,,,,,,,,,,,,,,,,,,,,,,,,,,,,,,,,,,,,,,,,,,,,,,,,,,,,,,,,,,,,,,,,,,,,,,,,,,,,,,,,,,,,,,,,,,,,,,,,,,,,,,,,,,,,,,,,,,,,,,,,,,,,,,,,,,,,,,,,,,,,,,,,,,,,
106T,Impressive Auto Body,516-536-1222,3305 Lawson Blvd.,Oceanside,instagram.com/impressiveautobody/,instagram.com/impressiveautobody/,,Live & Work,Live & Work,We have proudly served our community for over 25 years. Delivering expert collision repairs and professional customer service. ,,,,,,,,,,,,,,,,,,,,,,,,,,,,,,,,,,,,,,,,,,,,,,,,,,,,,,,,,,,,,,,,,,,,,,,,,,,,,,,,,,,,,,,,,,,,,,,,,,,,,,,,,,,,,,,,,,,,,,,,,,,,,,,,,,,,,,,,,,,,,,,,,,,,,,,,,,,,,,,,,,,,,,,,,,,,,,,,,
107T,Pristine Motors,347-860-4630,3540 Lawson Blvd.,Oceanside,instagram.com/PristineMotors_NY,,,Shop & Discover,Shop & Discover,"Over 30 years of excellence. Experts in European vehicles and all makes, offering maintenance, bodywork, electrical, ADAS, and trusted professional service. Your trusted neighborhood mechanic! ",,,,,,,,,,,,,,,,,,,,,,,,,,,,,,,,,,,,,,,,,,,,,,,,,,,,,,,,,,,,,,,,,,,,,,,,,,,,,,,,,,,,,,,,,,,,,,,,,,,,,,,,,,,,,,,,,,,,,,,,,,,,,,,,,,,,,,,,,,,,,,,,,,,,,,,,,,,,,,,,,,,,,,,,,,,,,,,,,
108D,Eben-Ezer Restaurant,516-226-3107,230c Atlantic Ave.,Oceanside,EbenEzerRestaurant.org,instagram.com/,facebook.com/,Eat & Drink,Eat & Drink,"Traditional Salvadoran cuisine - comida Salvadorena / Centroamericana. Authentic farm to table home style cooking. Try our horchata, pupusas and much more!",Yes,,,,,,,,,,,,,,,,,,,,,,,,,,,,,,,,,,,,,,,,,,,,,,,,,,,,,,,,,,,,,,,,,,,,,,,,,,,,,,,,,,,,,,,,,,,,,,,,,,,,,,,,,,,,,,,,,,,,,,,,,,,,,,,,,,,,,,,,,,,,,,,,,,,,,,,,,,,,,,,,,,,,,,,,,,,,,,,,
109T,Mercedes Benz of Rockville Centre,516-766-6900,650 Sunrise Hwy.,Rockville Centre,MBRVC.com,instagram.com/,facebook.com/,Shop & Discover,Shop & Discover,"The first Mercedes-Benz dealership on Long Island, we believe in a no-haggle, transparent sales process.  It's our goal to make your car-buying or -servicing experience as smooth and easy as possible.",,,,,,,,,,,,,,,,,,,,,,,,,,,,,,,,,,,,,,,,,,,,,,,,,,,,,,,,,,,,,,,,,,,,,,,,,,,,,,,,,,,,,,,,,,,,,,,,,,,,,,,,,,,,,,,,,,,,,,,,,,,,,,,,,,,,,,,,,,,,,,,,,,,,,,,,,,,,,,,,,,,,,,,,,,,,,,,,,
110D,Billie Rose Salon,516-615-6036,3203 Lawson Blvd.,Oceanside,BillieRoseSalon.GlossGenius.com,instagram.com/,facebook.com/,Thrive & Be Well,Thrive & Be Well,"Billie Rose Salon specializes in blonding, custom color, precision cuts and hand-tied extensions. We create effortless, modern styles that enhance confidence, individuality and everyday beauty. ",,,,Y,,,,,,,,,,,,,,,,,,,,,,,,,,,,,,,,,,,,,,,,,,,,,,,,,,,,,,,,,,,,,,,,,,,,,,,,,,,,,,,,,,,,,,,,,,,,,,,,,,,,,,,,,,,,,,,,,,,,,,,,,,,,,,,,,,,,,,,,,,,,,,,,,,,,,,,,,,,,,,,,,,,,,,,,,,,,,
111S,"Victoria S. Kaplan, P.C.",516-678-4055,2901 Long Beach Rd.,Oceanside,,,,Live & Work,Live & Work,"Experienced local real estate attorney with 30+ years handling purchases, sales, homes, co-ops, and condos throughout Long Island and NYC. Focused solely on real estate law.",Yes,,,,,,,,,,,,,,,,,,,,,,,,,,,,,,,,,,,,,,,,,,,,,,,,,,,,,,,,,,,,,,,,,,,,,,,,,,,,,,,,,,,,,,,,,,,,,,,,,,,,,,,,,,,,,,,,,,,,,,,,,,,,,,,,,,,,,,,,,,,,,,,,,,,,,,,,,,,,,,,,,,,,,,,,,,,,,,,,
112T,Pat's Dance Studio,516-546-2984,961 Church St.,Baldwin,PatsDanceStudio.com,instagram.com/patsdancestudio,facebook.com/patsdancestudio,Learn & Play,Learn & Play,"A performance based studio since 1979. Our studio is our HOME, where you're not judged and are loved for who you are. Come join our dance family!",,,,Y,,,,,,,,,,,,,,,,,,,,,,,,,,,,,,,,,,,,,,,,,,,,,,,,,,,,,,,,,,,,,,,,,,,,,,,,,,,,,,,,,,,,,,,,,,,,,,,,,,,,,,,,,,,,,,,,,,,,,,,,,,,,,,,,,,,,,,,,,,,,,,,,,,,,,,,,,,,,,,,,,,,,,,,,,,,,,
113T,Higher Elevation Home Inspections,516-509-9091,,Oceanside,HigherElevationLLC.com,instagram.com/,facebook.com/,Live & Work,Live & Work,A family-owned and operated business servicing Long Island and the 5 boroughs for over 25 years. Free termite inspection with all home inspections. ,Yes,,,Y,,,,,,,,,,,,,,,,,,,,,,,,,,,,,,,,,,,,,,,,,,,,,,,,,,,,,,,,,,,,,,,,,,,,,,,,,,,,,,,,,,,,,,,,,,,,,,,,,,,,,,,,,,,,,,,,,,,,,,,,,,,,,,,,,,,,,,,,,,,,,,,,,,,,,,,,,,,,,,,,,,,,,,,,,,,,,
114D,The Christian Barbershop,516-442-0074,2864 Woods Ave.,Oceanside,TheChristianBarberShop.com,,,Thrive & Be Well,Thrive & Be Well,"The Christian Barber Shop delivers precision fades, expert beard grooming, and hot towel shaves in Oceanside. Family friendly, faith driven service with fair prices and convenient online booking.",,,,,,,,,,,,,,,,,,,,,,,,,,,,,,,,,,,,,,,,,,,,,,,,,,,,,,,,,,,,,,,,,,,,,,,,,,,,,,,,,,,,,,,,,,,,,,,,,,,,,,,,,,,,,,,,,,,,,,,,,,,,,,,,,,,,,,,,,,,,,,,,,,,,,,,,,,,,,,,,,,,,,,,,,,,,,,,,,
115T,Luxury Auto Body,516-460-8666,3943 Austin Blvd.,Island Park,LuxuryAutoBodyNY.com,instagram.com/luxury_autobody/,,Live & Work,Live & Work,Long Island's premier auto body shop. Walk in auto claims center. All insurance companies accepted. ,Yes,,,Y,,,,,,,,,,,,,,,,,,,,,,,,,,,,,,,,,,,,,,,,,,,,,,,,,,,,,,,,,,,,,,,,,,,,,,,,,,,,,,,,,,,,,,,,,,,,,,,,,,,,,,,,,,,,,,,,,,,,,,,,,,,,,,,,,,,,,,,,,,,,,,,,,,,,,,,,,,,,,,,,,,,,,,,,,,,,,
116D,Oceanside Dance Center,516-766-9458,3394 Long Beach Rd.,Oceanside,OceansideDanceCenter.com,instagram.com/,facebook.com/,Learn & Play,Learn & Play,"Serving Oceanside for the past 20 years, we provide top notch dance training in a family friendly atmosphere. Not just a dance studio - a second home to many of our young dancers.",,,,,,,,,,,,,,,,,,,,,,,,,,,,,,,,,,,,,,,,,,,,,,,,,,,,,,,,,,,,,,,,,,,,,,,,,,,,,,,,,,,,,,,,,,,,,,,,,,,,,,,,,,,,,,,,,,,,,,,,,,,,,,,,,,,,,,,,,,,,,,,,,,,,,,,,,,,,,,,,,,,,,,,,,,,,,,,,,
117T,Meds on Time Pharmacy,516-208-7332,3147 Lawson Blvd.,Oceanside,MedsOnTimeRX.com,instagram.com/,facebook.com/,Shop & Discover,Shop & Discover,"At Meds On Time Pharmacy in Oceanside, we deliver expert, friendly care—with same-day prescription services, home delivery and personalized consultations in a community-focused independent shop.",Yes,,,,,,,,,,,,,,,,,,,,,,,,,,,,,,,,,,,,,,,,,,,,,,,,,,,,,,,,,,,,,,,,,,,,,,,,,,,,,,,,,,,,,,,,,,,,,,,,,,,,,,,,,,,,,,,,,,,,,,,,,,,,,,,,,,,,,,,,,,,,,,,,,,,,,,,,,,,,,,,,,,,,,,,,,,,,,,,,
118D,Summit Home Improvement,516-426-7352,2511 S. Long Beach Rd.,Oceanside,SummitHomeImp.com,instagram.com/,facebook.com/,Live & Work,Live & Work,Covering all phases of remodeling and updating services: kitchens and bathrooms - flooring - painting - new rooms - roofing/siding.,,,,,,,,,,,,,,,,,,,,,,,,,,,,,,,,,,,,,,,,,,,,,,,,,,,,,,,,,,,,,,,,,,,,,,,,,,,,,,,,,,,,,,,,,,,,,,,,,,,,,,,,,,,,,,,,,,,,,,,,,,,,,,,,,,,,,,,,,,,,,,,,,,,,,,,,,,,,,,,,,,,,,,,,,,,,,,,,,
119D,St. Anthony’s Catholic Church,516-764-0048,110 Anchor Ave.,Oceanside,SACLI.org,instagram.com/,facebook.com/,Gather & Connect,Gather & Connect,"Through our worship, our ministries and our promotion of peace and justice,
we walk with Jesus of the Gospel who reveals God’s love for all. 
Mass Sunday: 8, 9:30, 12:30 (Spanish), 5; M-F: 9, 12; Saturday: 9, 5.",,,,,,,,,,,,,,,,,,,,,,,,,,,,,,,,,,,,,,,,,,,,,,,,,,,,,,,,,,,,,,,,,,,,,,,,,,,,,,,,,,,,,,,,,,,,,,,,,,,,,,,,,,,,,,,,,,,,,,,,,,,,,,,,,,,,,,,,,,,,,,,,,,,,,,,,,,,,,,,,,,,,,,,,,,,,,,,,,
120D,St. Anthony’s Pre-School,516-764-0048,110 Anchor Ave.,Oceanside,SACLI.org/pre-k,instagram.com/,facebook.com/,Learn & Play,Learn & Play,"The early childhood program offers time and space for your children to play, explore and imagine. It is designed to lead them from wonder to discovery and from investigation to affirmation.",,,,,,,,,,,,,,,,,,,,,,,,,,,,,,,,,,,,,,,,,,,,,,,,,,,,,,,,,,,,,,,,,,,,,,,,,,,,,,,,,,,,,,,,,,,,,,,,,,,,,,,,,,,,,,,,,,,,,,,,,,,,,,,,,,,,,,,,,,,,,,,,,,,,,,,,,,,,,,,,,,,,,,,,,,,,,,,,,
121D,Leach Woodworks,516-536-3460,2497 S. Long Beach Rd.,Oceanside,,instagram.com/leachwoodworks,,Live & Work,Live & Work,"Custom quality cabinets, countertops, built-ins, renovations & more!",,,,,,,,,,,,,,,,,,,,,,,,,,,,,,,,,,,,,,,,,,,,,,,,,,,,,,,,,,,,,,,,,,,,,,,,,,,,,,,,,,,,,,,,,,,,,,,,,,,,,,,,,,,,,,,,,,,,,,,,,,,,,,,,,,,,,,,,,,,,,,,,,,,,,,,,,,,,,,,,,,,,,,,,,,,,,,,,,
122S,Empire Nutrition,516-705-5160,2806 Long Beach Rd.,Oceanside,EmpireNutrition.com,instagram.com/,facebook.com/,Shop & Discover,Shop & Discover,"We offer everything from fresh-healthy meal prep, quality supplements, to smoothies, juices and healthy snacks. We cater to everyone, in their fitness or wellness journey.",,,,,,,,,,,,,,,,,,,,,,,,,,,,,,,,,,,,,,,,,,,,,,,,,,,,,,,,,,,,,,,,,,,,,,,,,,,,,,,,,,,,,,,,,,,,,,,,,,,,,,,,,,,,,,,,,,,,,,,,,,,,,,,,,,,,,,,,,,,,,,,,,,,,,,,,,,,,,,,,,,,,,,,,,,,,,,,,,
123D,Tintz by Savage,347-553-1243,3205 Lawson Blvd.,Oceanside,TintzandWrapzbySavage.com,instagram.com/,facebook.com/,Live & Work,Live & Work,"From automotive window tinting, vinyl wraps, paint protection film (PPF), and paint correction, to full interior and exterior detailing, we bring top-tier craftsmanship to every vehicle we touch. Commercial and residential solutions.",,,,,,,,,,,,,,,,,,,,,,,,,,,,,,,,,,,,,,,,,,,,,,,,,,,,,,,,,,,,,,,,,,,,,,,,,,,,,,,,,,,,,,,,,,,,,,,,,,,,,,,,,,,,,,,,,,,,,,,,,,,,,,,,,,,,,,,,,,,,,,,,,,,,,,,,,,,,,,,,,,,,,,,,,,,,,,,,,
124D,Dance Innovations,516-764-0513,177 Merrick Rd.,Oceanside,DanceInnovationsInc.com,instagram.com/,facebook.com/,Learn & Play,Learn & Play,Come Join our DI Family! We have been teaching Oceanside to dance for 24 years! We offer classes in all styles and levels for ages 2 thru adult. ,,,,,,,,,,,,,,,,,,,,,,,,,,,,,,,,,,,,,,,,,,,,,,,,,,,,,,,,,,,,,,,,,,,,,,,,,,,,,,,,,,,,,,,,,,,,,,,,,,,,,,,,,,,,,,,,,,,,,,,,,,,,,,,,,,,,,,,,,,,,,,,,,,,,,,,,,,,,,,,,,,,,,,,,,,,,,,,,,
125S,DG Equipment Repair & Services,516-350-8898,,Oceanside,,,,Live & Work,Live & Work,"Delivering fast, reliable mobile service for power equipment and heavy machinery, supporting both commercial and homeowner needs with expert on-site repairs.",,,,,,,,,,,,,,,,,,,,,,,,,,,,,,,,,,,,,,,,,,,,,,,,,,,,,,,,,,,,,,,,,,,,,,,,,,,,,,,,,,,,,,,,,,,,,,,,,,,,,,,,,,,,,,,,,,,,,,,,,,,,,,,,,,,,,,,,,,,,,,,,,,,,,,,,,,,,,,,,,,,,,,,,,,,,,,,,,
126T,Macken Mortuary,516-431-7800,3930 Long Beach Rd.,Island Park,MackenMortuary.com,instagram.com/,facebook.com/,Live & Work,Live & Work,"Serving families with dignity, respect, and compassion. We help you celebrate your loved one no matter your religion, culture, or budget. Family owned & operated over 100 years.",Yes,,,Y,,,,,,,,,,,,,,,,,,,,,,,,,,,,,,,,,,,,,,,,,,,,,,,,,,,,,,,,,,,,,,,,,,,,,,,,,,,,,,,,,,,,,,,,,,,,,,,,,,,,,,,,,,,,,,,,,,,,,,,,,,,,,,,,,,,,,,,,,,,,,,,,,,,,,,,,,,,,,,,,,,,,,,,,,,,,,
127D,"Oceanside Iron & Steel Supply, Inc.",516-536-4940,3421 Hampton Rd.,Oceanside,OceansideDockHardware.com,instagram.com/,facebook.com/,Live & Work,Live & Work,Dock hardware experts for over the last 40 years. A family run business that takes pride in supplying the highest quality products for your dock hardware needs.,,,,,,,,,,,,,,,,,,,,,,,,,,,,,,,,,,,,,,,,,,,,,,,,,,,,,,,,,,,,,,,,,,,,,,,,,,,,,,,,,,,,,,,,,,,,,,,,,,,,,,,,,,,,,,,,,,,,,,,,,,,,,,,,,,,,,,,,,,,,,,,,,,,,,,,,,,,,,,,,,,,,,,,,,,,,,,,,,
128T,NY Neurology Associates,516-766-8900,2965 Long Beach Rd. Suite 200,Oceanside,NYNeurologists.com,,,Thrive & Be Well,Thrive & Be Well,From migraines and ADHD to Parkinson’s and pain management — including advanced treatments like Deep Brain Stimulation and Botox for migraine. Same-day appointments available!,Yes,,,,,,,,,,,,,,,,,,,,,,,,,,,,,,,,,,,,,,,,,,,,,,,,,,,,,,,,,,,,,,,,,,,,,,,,,,,,,,,,,,,,,,,,,,,,,,,,,,,,,,,,,,,,,,,,,,,,,,,,,,,,,,,,,,,,,,,,,,,,,,,,,,,,,,,,,,,,,,,,,,,,,,,,,,,,,,,,
129T,"Bleiberg Plumbing Supplies, Inc.",516-678-1838,3057 Lawson Blvd.,Oceanside,BleibergPS.com,instagram.com/,facebook.com/,Shop & Discover,Shop & Discover,"Homeowners, contractors, plumbers, designers, and architects have relied on us for all of their residential and commercial supplies for nearly a century. On time deliveries and an unlimited knowledge base.",Yes,,,,,,,,,,,,,,,,,,,,,,,,,,,,,,,,,,,,,,,,,,,,,,,,,,,,,,,,,,,,,,,,,,,,,,,,,,,,,,,,,,,,,,,,,,,,,,,,,,,,,,,,,,,,,,,,,,,,,,,,,,,,,,,,,,,,,,,,,,,,,,,,,,,,,,,,,,,,,,,,,,,,,,,,,,,,,,,,
130D,Incredible Feets,516-596-0100,3541 Long Beach Rd.,Oceanside,IncredibleFeets.com,instagram.com/,facebook.com/,Shop & Discover,Shop & Discover,"Footwear, clothing, and sporting goods for the entire family since 1976. We measure and fit every customer.",,,,,,,,,,,,,,,,,,,,,,,,,,,,,,,,,,,,,,,,,,,,,,,,,,,,,,,,,,,,,,,,,,,,,,,,,,,,,,,,,,,,,,,,,,,,,,,,,,,,,,,,,,,,,,,,,,,,,,,,,,,,,,,,,,,,,,,,,,,,,,,,,,,,,,,,,,,,,,,,,,,,,,,,,,,,,,,,,
131T,New Leaf Cremation,855-770-3777,3930 Long Beach Rd.,Island Park,NewLeafCremation.com,instagram.com/,facebook.com/,Live & Work,Live & Work,"Experienced, local, affordable. Long Island's premier cremation & memorial services.",Yes,,,Y,,,,,,,,,,,,,,,,,,,,,,,,,,,,,,,,,,,,,,,,,,,,,,,,,,,,,,,,,,,,,,,,,,,,,,,,,,,,,,,,,,,,,,,,,,,,,,,,,,,,,,,,,,,,,,,,,,,,,,,,,,,,,,,,,,,,,,,,,,,,,,,,,,,,,,,,,,,,,,,,,,,,,,,,,,,,,
132T,Kleinberg Funeral Services,516-400-5580,3930 Long Beach Rd.,Island Park,KleinbergFunerals.com,instagram.com/,facebook.com/,Live & Work,Live & Work,"Funeral and cremation provider serving Oceanside and surrounding communities. Experts in Jewish funerals, green burials, monuments, pre-planning and travel plan.",Yes,,,Y,,,,,,,,,,,,,,,,,,,,,,,,,,,,,,,,,,,,,,,,,,,,,,,,,,,,,,,,,,,,,,,,,,,,,,,,,,,,,,,,,,,,,,,,,,,,,,,,,,,,,,,,,,,,,,,,,,,,,,,,,,,,,,,,,,,,,,,,,,,,,,,,,,,,,,,,,,,,,,,,,,,,,,,,,,,,,
133T,The Boland Group at AFN,516-660-0702,,Long Beach,JB-Mortgage.com,,,Live & Work,Live & Work,Originating mortgages for over 17 years. Whether buying a new home or refinancing your current mortgage give John a call today!,,,,Y,,,,,,,,,,,,,,,,,,,,,,,,,,,,,,,,,,,,,,,,,,,,,,,,,,,,,,,,,,,,,,,,,,,,,,,,,,,,,,,,,,,,,,,,,,,,,,,,,,,,,,,,,,,,,,,,,,,,,,,,,,,,,,,,,,,,,,,,,,,,,,,,,,,,,,,,,,,,,,,,,,,,,,,,,,,,,
134D,Joey’s Rod Building and Tackle,917-280-5155,495 Wood St.,Oceanside,JoeysRodBuilding.com,instagram.com/,facebook.com/,Shop & Discover,Shop & Discover,The highest quality of custom fishing rods and tackle. We are a complete one stop shop from boat outfitting  to building one rod at a time.,,,,,,,,,,,,,,,,,,,,,,,,,,,,,,,,,,,,,,,,,,,,,,,,,,,,,,,,,,,,,,,,,,,,,,,,,,,,,,,,,,,,,,,,,,,,,,,,,,,,,,,,,,,,,,,,,,,,,,,,,,,,,,,,,,,,,,,,,,,,,,,,,,,,,,,,,,,,,,,,,,,,,,,,,,,,,,,,,
135S,Liam's Legacy Athletic Association,516-987-0932,,Oceanside,LiamsLegacyAthletics.org,instagram.com/,facebook.com/,Gather & Connect,Gather & Connect,"Giving kids with disabilities the chance to play sports and have fun! A fully inclusive, state-of-the-art baseball complex where children and young adults of all abilities can play, connect, and thrive.",,,,Y,,,,,,,,,,,,,,,,,,,,,,,,,,,,,,,,,,,,,,,,,,,,,,,,,,,,,,,,,,,,,,,,,,,,,,,,,,,,,,,,,,,,,,,,,,,,,,,,,,,,,,,,,,,,,,,,,,,,,,,,,,,,,,,,,,,,,,,,,,,,,,,,,,,,,,,,,,,,,,,,,,,,,,,,,,,,,
136T,Oceanside Community Warriors,516-987-0932,,Oceanside,,,facebook.com/OceansideWarriors,Gather & Connect,Gather & Connect,"To promote a strong community through voluntary involvement aimed at enriching Oceanside's parks, roads, and common areas.",Yes,,,Y,,,,,,,,,,,,,,,,,,,,,,,,,,,,,,,,,,,,,,,,,,,,,,,,,,,,,,,,,,,,,,,,,,,,,,,,,,,,,,,,,,,,,,,,,,,,,,,,,,,,,,,,,,,,,,,,,,,,,,,,,,,,,,,,,,,,,,,,,,,,,,,,,,,,,,,,,,,,,,,,,,,,,,,,,,,,,
137T,Squid City Apparel,516-987-0932,,Oceanside,SquidCityApparel.com,instagram.com/,facebook.com/,Shop & Discover,Shop & Discover,"Squid City Apparel is a family-owned local brand creating high-quality and custom apparel designed to fit your lifestyle with comfort, creativity, and hometown pride.",,,,Y,,,,,,,,,,,,,,,,,,,,,,,,,,,,,,,,,,,,,,,,,,,,,,,,,,,,,,,,,,,,,,,,,,,,,,,,,,,,,,,,,,,,,,,,,,,,,,,,,,,,,,,,,,,,,,,,,,,,,,,,,,,,,,,,,,,,,,,,,,,,,,,,,,,,,,,,,,,,,,,,,,,,,,,,,,,,,
138D,Steve's Wildlife,646-604-4001,,Oceanside,StevesWildlife.com,instagram.com/,facebook.com/,Live & Work,Live & Work,"Humane and effective removal of wildlife, birds, and rodents. Exclusion, repairs, and remediation services available 27/7 365 days a year.",,,,,,,,,,,,,,,,,,,,,,,,,,,,,,,,,,,,,,,,,,,,,,,,,,,,,,,,,,,,,,,,,,,,,,,,,,,,,,,,,,,,,,,,,,,,,,,,,,,,,,,,,,,,,,,,,,,,,,,,,,,,,,,,,,,,,,,,,,,,,,,,,,,,,,,,,,,,,,,,,,,,,,,,,,,,,,,,,
139T,Sharon Basiratmand - Signature Premier Properties,516-717-8349,75 Seaman Ave.,Rockville Centre,instagram.com/sharonbasiratmand,,,Live & Work,Live & Work,"With a passion for service in the Oceanside area, Sharon Basiratmand is ready to help with your homebuying and selling needs. Hard work, integrity, and outstanding client service.",Yes,,,Y,,,,,,,,,,,,,,,,,,,,,,,,,,,,,,,,,,,,,,,,,,,,,,,,,,,,,,,,,,,,,,,,,,,,,,,,,,,,,,,,,,,,,,,,,,,,,,,,,,,,,,,,,,,,,,,,,,,,,,,,,,,,,,,,,,,,,,,,,,,,,,,,,,,,,,,,,,,,,,,,,,,,,,,,,,,,,
140D,Luxe & Mane,516-208-7937,3029 Long Beach Rd.,Oceanside,instagram.com/luxe_mane_inc,instagram.com/luxe_mane_inc,facebook.com/,Thrive & Be Well,Thrive & Be Well,"Experience luxury and style at our modern salon—expert stylists, personalized care, and premium products to help you look and feel absolutely amazing.",,,,,,,,,,,,,,,,,,,,,,,,,,,,,,,,,,,,,,,,,,,,,,,,,,,,,,,,,,,,,,,,,,,,,,,,,,,,,,,,,,,,,,,,,,,,,,,,,,,,,,,,,,,,,,,,,,,,,,,,,,,,,,,,,,,,,,,,,,,,,,,,,,,,,,,,,,,,,,,,,,,,,,,,,,,,,,,,,
141D,Colori Bella Hair Studio,516-825-7500,221 Atlantic Ave.,Oceanside,ColoriBella.com,instagram.com/,facebook.com/,Thrive & Be Well,Thrive & Be Well,"""Our passion, your hair"" Redefining beauty since 2008. Expert hair color,  cuts, nails, hair extensions, formal hair, bridal, make-up, skin care, facials, microblading, wigs, and more for your flawless and confident look.",,,,,,,,,,,,,,,,,,,,,,,,,,,,,,,,,,,,,,,,,,,,,,,,,,,,,,,,,,,,,,,,,,,,,,,,,,,,,,,,,,,,,,,,,,,,,,,,,,,,,,,,,,,,,,,,,,,,,,,,,,,,,,,,,,,,,,,,,,,,,,,,,,,,,,,,,,,,,,,,,,,,,,,,,,,,,,,,,
142S,Print Coat Wrap It,516-697-2498,3480C Hampton Rd.,Oceanside,instagram.com/printcoatwrapit,,,Live & Work,Live & Work,"The best vinyl wrap/ paint protection services on Long Island. Contact us for VINYL WRAP,  PAINT PROTECTION FILM, COMMERCIAL GRAPHIC WRAP, tint & CERAMIC COATING. ",,,,,,,,,,,,,,,,,,,,,,,,,,,,,,,,,,,,,,,,,,,,,,,,,,,,,,,,,,,,,,,,,,,,,,,,,,,,,,,,,,,,,,,,,,,,,,,,,,,,,,,,,,,,,,,,,,,,,,,,,,,,,,,,,,,,,,,,,,,,,,,,,,,,,,,,,,,,,,,,,,,,,,,,,,,,,,,,,
143S,Real Estate Homes LLC,516-484-2999,2850 Woods Ave.,Oceanside,RealEstateHomesNY.com,instagram.com/,facebook.com/,Live & Work,Live & Work,"A family-owned, full-service real estate agency offering residential and commercial real estate sales and rentals, as well as property management services throughout NYC and Long Island.",,,,,,,,,,,,,,,,,,,,,,,,,,,,,,,,,,,,,,,,,,,,,,,,,,,,,,,,,,,,,,,,,,,,,,,,,,,,,,,,,,,,,,,,,,,,,,,,,,,,,,,,,,,,,,,,,,,,,,,,,,,,,,,,,,,,,,,,,,,,,,,,,,,,,,,,,,,,,,,,,,,,,,,,,,,,,,,,,
144D,Legacy Financial,516-764-8800,2873 Long Beach Rd.,Oceanside,LoansByLegacy.com,,,Live & Work,Live & Work,"Get a great rate on a new mortgage! Take advantage of our expertise in the residential lending industry by applying today. A local, woman-owned and operated business since 2002.",,,,,,,,,,,,,,,,,,,,,,,,,,,,,,,,,,,,,,,,,,,,,,,,,,,,,,,,,,,,,,,,,,,,,,,,,,,,,,,,,,,,,,,,,,,,,,,,,,,,,,,,,,,,,,,,,,,,,,,,,,,,,,,,,,,,,,,,,,,,,,,,,,,,,,,,,,,,,,,,,,,,,,,,,,,,,,,,,
145T,Rose Ott Design,516-510-9665,675 E. Olive St.,Long Beach,RoseOttDesign.com,instagram.com/roseottdesign,facebook.com/,Live & Work,Live & Work,"We are an award winning, full service boutique interior design firm specializing in kitchens and baths.",,,,Y,,,,,,,,,,,,,,,,,,,,,,,,,,,,,,,,,,,,,,,,,,,,,,,,,,,,,,,,,,,,,,,,,,,,,,,,,,,,,,,,,,,,,,,,,,,,,,,,,,,,,,,,,,,,,,,,,,,,,,,,,,,,,,,,,,,,,,,,,,,,,,,,,,,,,,,,,,,,,,,,,,,,,,,,,,,,,
146S,Non-Stop Safety Training & Consultants,917-337-7237,2869 Long Beach Rd.,Oceanside,NYCOSHASafetyTraining.com,instagram.com/,facebook.com/,Live & Work,Live & Work,"WBE-certified construction safety consulting - safety courses & def. driver training - SSM, CSFSM, Lift Directors, Flaggers, OSHA 10 / 30hr, Hazwoper 40 hr & refresher, confined space, forklift training, cursos en espanol & more!",,,,,,,,,,,,,,,,,,,,,,,,,,,,,,,,,,,,,,,,,,,,,,,,,,,,,,,,,,,,,,,,,,,,,,,,,,,,,,,,,,,,,,,,,,,,,,,,,,,,,,,,,,,,,,,,,,,,,,,,,,,,,,,,,,,,,,,,,,,,,,,,,,,,,,,,,,,,,,,,,,,,,,,,,,,,,,,,,
147S,East Rockaway Raiders Football and Cheerleading,516-581-5572,PO Box 3,East Rockaway,EastRockawayRaiders.com,instagram.com/,facebook.com/,Gather & Connect,Gather & Connect,"We provide an opportunity for boys and girls in both tackle football and cheerleading. Run by volunteers who not only teach the game, but also demonstrate respect and sportsmanship.",,,,Y,,,,,,,,,,,,,,,,,,,,,,,,,,,,,,,,,,,,,,,,,,,,,,,,,,,,,,,,,,,,,,,,,,,,,,,,,,,,,,,,,,,,,,,,,,,,,,,,,,,,,,,,,,,,,,,,,,,,,,,,,,,,,,,,,,,,,,,,,,,,,,,,,,,,,,,,,,,,,,,,,,,,,,,,,,,,,
148T,Insieme Wines - Winery & Tasting Room,516-696-3300,3333 Lawson Blvd.,Oceanside,InsiemeWines.com,instagram.com/,facebook.com/,Eat & Drink,Eat & Drink,"Award-winning boutique winery, small-batch artisanal wines blending old-world tradition with new-world creativity. Reserve a spot in our charming tasting room or host a memorable private event. New customizable wine club - enjoy Insieme Wines your way.",,,,,,,,,,,,,,,,,,,,,,,,,,,,,,,,,,,,,,,,,,,,,,,,,,,,,,,,,,,,,,,,,,,,,,,,,,,,,,,,,,,,,,,,,,,,,,,,,,,,,,,,,,,,,,,,,,,,,,,,,,,,,,,,,,,,,,,,,,,,,,,,,,,,,,,,,,,,,,,,,,,,,,,,,,,,,,,,,
149T,Advanced Seamless Gutters & Leaders,516-313-7472,3230 Fulton Ave.,Oceanside,AdvancedGuttersNewYork.com,instagram.com/,facebook.com/,Live & Work,Live & Work,"Providing quality services at affordable prices for gutter repair, gutter installation, gutter cleaning, rain gutter repair and new gutter on Long Island.",,,,Y,,,,,,,,,,,,,,,,,,,,,,,,,,,,,,,,,,,,,,,,,,,,,,,,,,,,,,,,,,,,,,,,,,,,,,,,,,,,,,,,,,,,,,,,,,,,,,,,,,,,,,,,,,,,,,,,,,,,,,,,,,,,,,,,,,,,,,,,,,,,,,,,,,,,,,,,,,,,,,,,,,,,,,,,,,,,,
150T,Modern Wire Electric Corp.,516-870-6071,,Oceanside,,instagram.com/modern_wire_electric,,Live & Work,Live & Work,"Comprehensive electrical services for both residential and commercial properties. Troubleshooting, repairs, and installation of electrical wiring, as well as lighting upgrades and ensuring your home meets current electrical codes.",Yes,,,Y,,,,,,,,,,,,,,,,,,,,,,,,,,,,,,,,,,,,,,,,,,,,,,,,,,,,,,,,,,,,,,,,,,,,,,,,,,,,,,,,,,,,,,,,,,,,,,,,,,,,,,,,,,,,,,,,,,,,,,,,,,,,,,,,,,,,,,,,,,,,,,,,,,,,,,,,,,,,,,,,,,,,,,,,,,,,,
151S,ECF Elite Martial Arts & Fitness,516-341-7555,2911 Long Beach Rd.,Oceanside,ECFMMAGym.com,instagram.com/,facebook.com/,Learn & Play,Learn & Play,"Join our Mixed Martial Arts gym located on Long Island. We have MMA classes along with kickboxing, muay-thai, jujutsu, and more!",,,,,,,,,,,,,,,,,,,,,,,,,,,,,,,,,,,,,,,,,,,,,,,,,,,,,,,,,,,,,,,,,,,,,,,,,,,,,,,,,,,,,,,,,,,,,,,,,,,,,,,,,,,,,,,,,,,,,,,,,,,,,,,,,,,,,,,,,,,,,,,,,,,,,,,,,,,,,,,,,,,,,,,,,,,,,,,,,
152D,Laton Precision Painting,516-757-1762,,Oceanside,LatonPrecision.com,instagram.com/,facebook.com/,Live & Work,Live & Work,"Serving LI with expert residential painting and colour consultations. Precise, high-quality interior and exterior finishes with exceptional service and care. Your satisfaction is our priority!",,,,,,,,,,,,,,,,,,,,,,,,,,,,,,,,,,,,,,,,,,,,,,,,,,,,,,,,,,,,,,,,,,,,,,,,,,,,,,,,,,,,,,,,,,,,,,,,,,,,,,,,,,,,,,,,,,,,,,,,,,,,,,,,,,,,,,,,,,,,,,,,,,,,,,,,,,,,,,,,,,,,,,,,,,,,,,,,,
153S,Carpet Depot,516-766-5263,2930 Long Beach Rd.,Oceanside,CarpetDepotInc.com,instagram.com/,facebook.com/,Shop & Discover,Shop & Discover,"From a modest beginning in 1991 as a single carpet store, we've grown into a 5 store chain and a full service Shop-@-Home Division, serving Long Island and the NY metro area.",,,,,,,,,,,,,,,,,,,,,,,,,,,,,,,,,,,,,,,,,,,,,,,,,,,,,,,,,,,,,,,,,,,,,,,,,,,,,,,,,,,,,,,,,,,,,,,,,,,,,,,,,,,,,,,,,,,,,,,,,,,,,,,,,,,,,,,,,,,,,,,,,,,,,,,,,,,,,,,,,,,,,,,,,,,,,,,,,
154S,Hal Knopf Team at Compass,516-764-6060,2800 Long Beach Rd.,Oceanside,Compass.com,,,Live & Work,Live & Work,"The highest level of service in the Real Estate industry throughout the South Shore of LI. For over 38 years we have assured that every client is treated with honestly, integrity and professionalism.",,,,,,,,,,,,,,,,,,,,,,,,,,,,,,,,,,,,,,,,,,,,,,,,,,,,,,,,,,,,,,,,,,,,,,,,,,,,,,,,,,,,,,,,,,,,,,,,,,,,,,,,,,,,,,,,,,,,,,,,,,,,,,,,,,,,,,,,,,,,,,,,,,,,,,,,,,,,,,,,,,,,,,,,,,,,,,,,,
155T,Perfect 10 Home Improvements,516-322-4942,,Oceanside,facebook.com/Perfect10HomeImprovements/,,,Live & Work,Live & Work,"We do all phases of home improvements no job is too big or too small. Interior and exterior work any room or office.
",,,,Y,,,,,,,,,,,,,,,,,,,,,,,,,,,,,,,,,,,,,,,,,,,,,,,,,,,,,,,,,,,,,,,,,,,,,,,,,,,,,,,,,,,,,,,,,,,,,,,,,,,,,,,,,,,,,,,,,,,,,,,,,,,,,,,,,,,,,,,,,,,,,,,,,,,,,,,,,,,,,,,,,,,,,,,,,,,,,
156D,Best Skin and Body Aesthetics Spa,516-600-9853,310 Woods Ave.,Oceanside,BestSkinAndBodySpa.com,,,Thrive & Be Well,Thrive & Be Well,"An award-winning medispa, recognized for excellence in the industry! Our dedication to exceptional care has earned us top honors. Experience the best in beauty and skincare with our celebrated team today.",,,,,,,,,,,,,,,,,,,,,,,,,,,,,,,,,,,,,,,,,,,,,,,,,,,,,,,,,,,,,,,,,,,,,,,,,,,,,,,,,,,,,,,,,,,,,,,,,,,,,,,,,,,,,,,,,,,,,,,,,,,,,,,,,,,,,,,,,,,,,,,,,,,,,,,,,,,,,,,,,,,,,,,,,,,,,,,,,
157T,Ernie Schultz - Financial Advisor,516-263-8461,,Oceanside,,,,Live & Work,Live & Work,"Personalized financial planning, investment and retirement strategies to help you navigate your financial future with clarity and confidence.",,,,,,,,,,,,,,,,,,,,,,,,,,,,,,,,,,,,,,,,,,,,,,,,,,,,,,,,,,,,,,,,,,,,,,,,,,,,,,,,,,,,,,,,,,,,,,,,,,,,,,,,,,,,,,,,,,,,,,,,,,,,,,,,,,,,,,,,,,,,,,,,,,,,,,,,,,,,,,,,,,,,,,,,,,,,,,,,,
